fname,label,manually_verified
OAF_back_angry_1.wav,Angry,1
OAF_bar_angry_1.wav,Angry,1
OAF_base_angry_1.wav,Angry,1
OAF_bath_angry_1.wav,Angry,1
OAF_bean_angry_1.wav,Angry,1
OAF_beg_angry_1.wav,Angry,1
OAF_bite_angry_1.wav,Angry,1
OAF_boat_angry_1.wav,Angry,1
OAF_bone_angry_1.wav,Angry,1
OAF_book_angry_1.wav,Angry,1
OAF_bought_angry_1.wav,Angry,1
OAF_burn_angry_1.wav,Angry,1
OAF_cab_angry_1.wav,Angry,1
OAF_calm_angry_1.wav,Angry,1
OAF_came_angry_1.wav,Angry,1
OAF_cause_angry_1.wav,Angry,1
OAF_chain_angry_1.wav,Angry,1
OAF_chair_angry_1.wav,Angry,1
OAF_chalk_angry_1.wav,Angry,1
OAF_chat_angry_1.wav,Angry,1
OAF_check_angry_1.wav,Angry,1
OAF_cheek_angry_1.wav,Angry,1
OAF_chief_angry_1.wav,Angry,1
OAF_choice_angry_1.wav,Angry,1
OAF_cool_angry_1.wav,Angry,1
OAF_dab_angry_1.wav,Angry,1
OAF_date_angry_1.wav,Angry,1
OAF_dead_angry_1.wav,Angry,1
OAF_death_angry_1.wav,Angry,1
OAF_deep_angry_1.wav,Angry,1
OAF_dime_angry_1.wav,Angry,1
OAF_dip_angry_1.wav,Angry,1
OAF_ditch_angry_1.wav,Angry,1
OAF_dodge_angry_1.wav,Angry,1
OAF_dog_angry_1.wav,Angry,1
OAF_doll_angry_1.wav,Angry,1
OAF_door_angry_1.wav,Angry,1
OAF_fail_angry_1.wav,Angry,1
OAF_fall_angry_1.wav,Angry,1
OAF_far_angry_1.wav,Angry,1
OAF_fat_angry_1.wav,Angry,1
OAF_fit_angry_1.wav,Angry,1
OAF_five_angry_1.wav,Angry,1
OAF_food_angry_1.wav,Angry,1
OAF_gap_angry_1.wav,Angry,1
OAF_gas_angry_1.wav,Angry,1
OAF_gaze_angry_1.wav,Angry,1
OAF_germ_angry_1.wav,Angry,1
OAF_get_angry_1.wav,Angry,1
OAF_gin_angry_1.wav,Angry,1
OAF_goal_angry_1.wav,Angry,1
OAF_good_angry_1.wav,Angry,1
OAF_goose_angry_1.wav,Angry,1
OAF_gun_angry_1.wav,Angry,1
OAF_half_angry_1.wav,Angry,1
OAF_hall_angry_1.wav,Angry,1
OAF_hash_angry_1.wav,Angry,1
OAF_hate_angry_1.wav,Angry,1
OAF_have_angry_1.wav,Angry,1
OAF_haze_angry_1.wav,Angry,1
OAF_hire_angry_1.wav,Angry,1
OAF_hit_angry_1.wav,Angry,1
OAF_hole_angry_1.wav,Angry,1
OAF_home_angry_1.wav,Angry,1
OAF_hurl_angry_1.wav,Angry,1
OAF_hush_angry_1.wav,Angry,1
OAF_jail_angry_1.wav,Angry,1
OAF_jar_angry_1.wav,Angry,1
OAF_join_angry_1.wav,Angry,1
OAF_judge_angry_1.wav,Angry,1
OAF_jug_angry_1.wav,Angry,1
OAF_juice_angry_1.wav,Angry,1
OAF_keen_angry_1.wav,Angry,1
OAF_keep_angry_1.wav,Angry,1
OAF_keg_angry_1.wav,Angry,1
OAF_kick_angry_1.wav,Angry,1
OAF_kill_angry_1.wav,Angry,1
OAF_king_angry_1.wav,Angry,1
OAF_kite_angry_1.wav,Angry,1
OAF_knock_angry_1.wav,Angry,1
OAF_late_angry_1.wav,Angry,1
OAF_laud_angry_1.wav,Angry,1
OAF_lean_angry_1.wav,Angry,1
OAF_learn_angry_1.wav,Angry,1
OAF_lease_angry_1.wav,Angry,1
OAF_lid_angry_1.wav,Angry,1
OAF_life_angry_1.wav,Angry,1
OAF_limb_angry_1.wav,Angry,1
OAF_live_angry_1.wav,Angry,1
OAF_loaf_angry_1.wav,Angry,1
OAF_long_angry_1.wav,Angry,1
OAF_lore_angry_1.wav,Angry,1
OAF_lose_angry_1.wav,Angry,1
OAF_lot_angry_1.wav,Angry,1
OAF_love_angry_1.wav,Angry,1
OAF_luck_angry_1.wav,Angry,1
OAF_make_angry_1.wav,Angry,1
OAF_match_angry_1.wav,Angry,1
OAF_merge_angry_1.wav,Angry,1
OAF_mess_angry_1.wav,Angry,1
OAF_met_angry_1.wav,Angry,1
OAF_mill_angry_1.wav,Angry,1
OAF_mob_angry_1.wav,Angry,1
OAF_mode_angry_1.wav,Angry,1
OAF_mood_angry_1.wav,Angry,1
OAF_moon_angry_1.wav,Angry,1
OAF_mop_angry_1.wav,Angry,1
OAF_mouse_angry_1.wav,Angry,1
OAF_nag_angry_1.wav,Angry,1
OAF_name_angry_1.wav,Angry,1
OAF_near_angry_1.wav,Angry,1
OAF_neat_angry_1.wav,Angry,1
OAF_nice_angry_1.wav,Angry,1
OAF_note_angry_1.wav,Angry,1
OAF_numb_angry_1.wav,Angry,1
OAF_pad_angry_1.wav,Angry,1
OAF_page_angry_1.wav,Angry,1
OAF_pain_angry_1.wav,Angry,1
OAF_pass_angry_1.wav,Angry,1
OAF_pearl_angry_1.wav,Angry,1
OAF_peg_angry_1.wav,Angry,1
OAF_perch_angry_1.wav,Angry,1
OAF_phone_angry_1.wav,Angry,1
OAF_pick_angry_1.wav,Angry,1
OAF_pike_angry_1.wav,Angry,1
OAF_pole_angry_1.wav,Angry,1
OAF_pool_angry_1.wav,Angry,1
OAF_puff_angry_1.wav,Angry,1
OAF_rag_angry_1.wav,Angry,1
OAF_raid_angry_1.wav,Angry,1
OAF_rain_angry_1.wav,Angry,1
OAF_raise_angry_1.wav,Angry,1
OAF_rat_angry_1.wav,Angry,1
OAF_reach_angry_1.wav,Angry,1
OAF_read_angry_1.wav,Angry,1
OAF_red_angry_1.wav,Angry,1
OAF_ring_angry_1.wav,Angry,1
OAF_ripe_angry_1.wav,Angry,1
OAF_road_angry_1.wav,Angry,1
OAF_room_angry_1.wav,Angry,1
OAF_rose_angry_1.wav,Angry,1
OAF_rot_angry_1.wav,Angry,1
OAF_rough_angry_1.wav,Angry,1
OAF_rush_angry_1.wav,Angry,1
OAF_said_angry_1.wav,Angry,1
OAF_sail_angry_1.wav,Angry,1
OAF_search_angry_1.wav,Angry,1
OAF_seize_angry_1.wav,Angry,1
OAF_sell_angry_1.wav,Angry,1
OAF_shack_angry_1.wav,Angry,1
OAF_shall_angry_1.wav,Angry,1
OAF_shawl_angry_1.wav,Angry,1
OAF_sheep_angry_1.wav,Angry,1
OAF_shirt_angry_1.wav,Angry,1
OAF_should_angry_1.wav,Angry,1
OAF_shout_angry_1.wav,Angry,1
OAF_size_angry_1.wav,Angry,1
OAF_soap_angry_1.wav,Angry,1
OAF_soup_angry_1.wav,Angry,1
OAF_sour_angry_1.wav,Angry,1
OAF_south_angry_1.wav,Angry,1
OAF_sub_angry_1.wav,Angry,1
OAF_such_angry_1.wav,Angry,1
OAF_sure_angry_1.wav,Angry,1
OAF_take_angry_1.wav,Angry,1
OAF_talk_angry_1.wav,Angry,1
OAF_tape_angry_1.wav,Angry,1
OAF_team_angry_1.wav,Angry,1
OAF_tell_angry_1.wav,Angry,1
OAF_thin_angry_1.wav,Angry,1
OAF_third_angry_1.wav,Angry,1
OAF_thought_angry_1.wav,Angry,1
OAF_thumb_angry_1.wav,Angry,1
OAF_time_angry_1.wav,Angry,1
OAF_tip_angry_1.wav,Angry,1
OAF_tire_angry_1.wav,Angry,1
OAF_ton_angry_1.wav,Angry,1
OAF_tool_angry_1.wav,Angry,1
OAF_tough_angry_1.wav,Angry,1
OAF_turn_angry_1.wav,Angry,1
OAF_vine_angry_1.wav,Angry,1
OAF_voice_angry_1.wav,Angry,1
OAF_void_angry_1.wav,Angry,1
OAF_vote_angry_1.wav,Angry,1
OAF_wag_angry_1.wav,Angry,1
OAF_walk_angry_1.wav,Angry,1
OAF_wash_angry_1.wav,Angry,1
OAF_week_angry_1.wav,Angry,1
OAF_wheat_angry_1.wav,Angry,1
OAF_when_angry_1.wav,Angry,1
OAF_which_angry_1.wav,Angry,1
OAF_whip_angry_1.wav,Angry,1
OAF_white_angry_1.wav,Angry,1
OAF_wife_angry_1.wav,Angry,1
OAF_wire_angry_1.wav,Angry,1
OAF_witch_angry_1.wav,Angry,1
OAF_yearn_angry_1.wav,Angry,1
OAF_yes_angry_1.wav,Angry,1
OAF_young_angry_1.wav,Angry,1
OAF_youth_angry_1.wav,Angry,1
YAF_back_angry_1.wav,Angry,1
YAF_bar_angry_1.wav,Angry,1
YAF_base_angry_1.wav,Angry,1
YAF_bath_angry_1.wav,Angry,1
YAF_bean_angry_1.wav,Angry,1
YAF_beg_angry_1.wav,Angry,1
YAF_bite_angry_1.wav,Angry,1
YAF_boat_angry_1.wav,Angry,1
YAF_bone_angry_1.wav,Angry,1
YAF_book_angry_1.wav,Angry,1
YAF_bought_angry_1.wav,Angry,1
YAF_burn_angry_1.wav,Angry,1
YAF_cab_angry_1.wav,Angry,1
YAF_calm_angry_1.wav,Angry,1
YAF_came_angry_1.wav,Angry,1
YAF_cause_angry_1.wav,Angry,1
YAF_chain_angry_1.wav,Angry,1
YAF_chair_angry_1.wav,Angry,1
YAF_chalk_angry_1.wav,Angry,1
YAF_chat_angry_1.wav,Angry,1
YAF_check_angry_1.wav,Angry,1
YAF_cheek_angry_1.wav,Angry,1
YAF_chief_angry_1.wav,Angry,1
YAF_choice_angry_1.wav,Angry,1
YAF_cool_angry_1.wav,Angry,1
YAF_dab_angry_1.wav,Angry,1
YAF_date_angry_1.wav,Angry,1
YAF_dead_angry_1.wav,Angry,1
YAF_death_angry_1.wav,Angry,1
YAF_deep_angry_1.wav,Angry,1
YAF_dime_angry_1.wav,Angry,1
YAF_dip_angry_1.wav,Angry,1
YAF_ditch_angry_1.wav,Angry,1
YAF_dodge_angry_1.wav,Angry,1
YAF_dog_angry_1.wav,Angry,1
YAF_doll_angry_1.wav,Angry,1
YAF_door_angry_1.wav,Angry,1
YAF_fail_angry_1.wav,Angry,1
YAF_fall_angry_1.wav,Angry,1
YAF_far_angry_1.wav,Angry,1
YAF_fat_angry_1.wav,Angry,1
YAF_fit_angry_1.wav,Angry,1
YAF_five_angry_1.wav,Angry,1
YAF_food_angry_1.wav,Angry,1
YAF_gap_angry_1.wav,Angry,1
YAF_gas_angry_1.wav,Angry,1
YAF_gaze_angry_1.wav,Angry,1
YAF_germ_angry_1.wav,Angry,1
YAF_get_angry_1.wav,Angry,1
YAF_gin_angry_1.wav,Angry,1
YAF_goal_angry_1.wav,Angry,1
YAF_good_angry_1.wav,Angry,1
YAF_goose_angry_1.wav,Angry,1
YAF_gun_angry_1.wav,Angry,1
YAF_half_angry_1.wav,Angry,1
YAF_hall_angry_1.wav,Angry,1
YAF_hash_angry_1.wav,Angry,1
YAF_hate_angry_1.wav,Angry,1
YAF_have_angry_1.wav,Angry,1
YAF_haze_angry_1.wav,Angry,1
YAF_hire_angry_1.wav,Angry,1
YAF_hit_angry_1.wav,Angry,1
YAF_hole_angry_1.wav,Angry,1
YAF_home_angry_1.wav,Angry,1
YAF_hurl_angry_1.wav,Angry,1
YAF_hush_angry_1.wav,Angry,1
YAF_jail_angry_1.wav,Angry,1
YAF_jar_angry_1.wav,Angry,1
YAF_join_angry_1.wav,Angry,1
YAF_judge_angry_1.wav,Angry,1
YAF_jug_angry_1.wav,Angry,1
YAF_juice_angry_1.wav,Angry,1
YAF_keen_angry_1.wav,Angry,1
YAF_keep_angry_1.wav,Angry,1
YAF_keg_angry_1.wav,Angry,1
YAF_kick_angry_1.wav,Angry,1
YAF_kill_angry_1.wav,Angry,1
YAF_king_angry_1.wav,Angry,1
YAF_kite_angry_1.wav,Angry,1
YAF_knock_angry_1.wav,Angry,1
YAF_late_angry_1.wav,Angry,1
YAF_laud_angry_1.wav,Angry,1
YAF_lean_angry_1.wav,Angry,1
YAF_learn_angry_1.wav,Angry,1
YAF_lease_angry_1.wav,Angry,1
YAF_lid_angry_1.wav,Angry,1
YAF_life_angry_1.wav,Angry,1
YAF_limb_angry_1.wav,Angry,1
YAF_live_angry_1.wav,Angry,1
YAF_loaf_angry_1.wav,Angry,1
YAF_long_angry_1.wav,Angry,1
YAF_lore_angry_1.wav,Angry,1
YAF_lose_angry_1.wav,Angry,1
YAF_lot_angry_1.wav,Angry,1
YAF_love_angry_1.wav,Angry,1
YAF_luck_angry_1.wav,Angry,1
YAF_make_angry_1.wav,Angry,1
YAF_match_angry_1.wav,Angry,1
YAF_merge_angry_1.wav,Angry,1
YAF_mess_angry_1.wav,Angry,1
YAF_met_angry_1.wav,Angry,1
YAF_mill_angry_1.wav,Angry,1
YAF_mob_angry_1.wav,Angry,1
YAF_mode_angry_1.wav,Angry,1
YAF_mood_angry_1.wav,Angry,1
YAF_moon_angry_1.wav,Angry,1
YAF_mop_angry_1.wav,Angry,1
YAF_mouse_angry_1.wav,Angry,1
YAF_nag_angry_1.wav,Angry,1
YAF_name_angry_1.wav,Angry,1
YAF_near_angry_1.wav,Angry,1
YAF_neat_angry_1.wav,Angry,1
YAF_nice_angry_1.wav,Angry,1
YAF_note_angry_1.wav,Angry,1
YAF_numb_angry_1.wav,Angry,1
YAF_pad_angry_1.wav,Angry,1
YAF_page_angry_1.wav,Angry,1
YAF_pain_angry_1.wav,Angry,1
YAF_pass_angry_1.wav,Angry,1
YAF_pearl_angry_1.wav,Angry,1
YAF_peg_angry_1.wav,Angry,1
YAF_perch_angry_1.wav,Angry,1
YAF_phone_angry_1.wav,Angry,1
YAF_pick_angry_1.wav,Angry,1
YAF_pike_angry_1.wav,Angry,1
YAF_pole_angry_1.wav,Angry,1
YAF_pool_angry_1.wav,Angry,1
YAF_puff_angry_1.wav,Angry,1
YAF_rag_angry_1.wav,Angry,1
YAF_raid_angry_1.wav,Angry,1
YAF_rain_angry_1.wav,Angry,1
YAF_raise_angry_1.wav,Angry,1
YAF_rat_angry_1.wav,Angry,1
YAF_reach_angry_1.wav,Angry,1
YAF_read_angry_1.wav,Angry,1
YAF_red_angry_1.wav,Angry,1
YAF_ring_angry_1.wav,Angry,1
YAF_ripe_angry_1.wav,Angry,1
YAF_road_angry_1.wav,Angry,1
YAF_room_angry_1.wav,Angry,1
YAF_rose_angry_1.wav,Angry,1
YAF_rot_angry_1.wav,Angry,1
YAF_rough_angry_1.wav,Angry,1
YAF_rush_angry_1.wav,Angry,1
YAF_said_angry_1.wav,Angry,1
YAF_sail_angry_1.wav,Angry,1
YAF_search_angry_1.wav,Angry,1
YAF_seize_angry_1.wav,Angry,1
YAF_sell_angry_1.wav,Angry,1
YAF_shack_angry_1.wav,Angry,1
YAF_shall_angry_1.wav,Angry,1
YAF_shawl_angry_1.wav,Angry,1
YAF_sheep_angry_1.wav,Angry,1
YAF_shirt_angry_1.wav,Angry,1
YAF_should_angry_1.wav,Angry,1
YAF_shout_angry_1.wav,Angry,1
YAF_size_angry_1.wav,Angry,1
YAF_soap_angry_1.wav,Angry,1
YAF_soup_angry_1.wav,Angry,1
YAF_sour_angry_1.wav,Angry,1
YAF_south_angry_1.wav,Angry,1
YAF_sub_angry_1.wav,Angry,1
YAF_such_angry_1.wav,Angry,1
YAF_sure_angry_1.wav,Angry,1
YAF_take_angry_1.wav,Angry,1
YAF_talk_angry_1.wav,Angry,1
YAF_tape_angry_1.wav,Angry,1
YAF_team_angry_1.wav,Angry,1
YAF_tell_angry_1.wav,Angry,1
YAF_thin_angry_1.wav,Angry,1
YAF_third_angry_1.wav,Angry,1
YAF_thought_angry_1.wav,Angry,1
YAF_thumb_angry_1.wav,Angry,1
YAF_time_angry_1.wav,Angry,1
YAF_tip_angry_1.wav,Angry,1
YAF_tire_angry_1.wav,Angry,1
YAF_ton_angry_1.wav,Angry,1
YAF_tool_angry_1.wav,Angry,1
YAF_tough_angry_1.wav,Angry,1
YAF_turn_angry_1.wav,Angry,1
YAF_vine_angry_1.wav,Angry,1
YAF_voice_angry_1.wav,Angry,1
YAF_void_angry_1.wav,Angry,1
YAF_vote_angry_1.wav,Angry,1
YAF_wag_angry_1.wav,Angry,1
YAF_walk_angry_1.wav,Angry,1
YAF_wash_angry_1.wav,Angry,1
YAF_week_angry_1.wav,Angry,1
YAF_wheat_angry_1.wav,Angry,1
YAF_when_angry_1.wav,Angry,1
YAF_which_angry_1.wav,Angry,1
YAF_whip_angry_1.wav,Angry,1
YAF_white_angry_1.wav,Angry,1
YAF_wife_angry_1.wav,Angry,1
YAF_wire_angry_1.wav,Angry,1
YAF_witch_angry_1.wav,Angry,1
YAF_yearn_angry_1.wav,Angry,1
YAF_yes_angry_1.wav,Angry,1
YAF_young_angry_1.wav,Angry,1
YAF_youth_angry_1.wav,Angry,1
OAF_back_disgust_1.wav,Disgust,1
OAF_bar_disgust_1.wav,Disgust,1
OAF_base_disgust_1.wav,Disgust,1
OAF_bath_disgust_1.wav,Disgust,1
OAF_bean_disgust_1.wav,Disgust,1
OAF_beg_disgust_1.wav,Disgust,1
OAF_bite_disgust_1.wav,Disgust,1
OAF_boat_disgust_1.wav,Disgust,1
OAF_bone_disgust_1.wav,Disgust,1
OAF_book_disgust_1.wav,Disgust,1
OAF_bought_disgust_1.wav,Disgust,1
OAF_burn_disgust_1.wav,Disgust,1
OAF_cab_disgust_1.wav,Disgust,1
OAF_calm_disgust_1.wav,Disgust,1
OAF_came_disgust_1.wav,Disgust,1
OAF_cause_disgust_1.wav,Disgust,1
OAF_chain_disgust_1.wav,Disgust,1
OAF_chair_disgust_1.wav,Disgust,1
OAF_chalk_disgust_1.wav,Disgust,1
OAF_chat_disgust_1.wav,Disgust,1
OAF_check_disgust_1.wav,Disgust,1
OAF_cheek_disgust_1.wav,Disgust,1
OAF_chief_disgust_1.wav,Disgust,1
OAF_choice_disgust_1.wav,Disgust,1
OAF_cool_disgust_1.wav,Disgust,1
OAF_dab_disgust_1.wav,Disgust,1
OAF_date_disgust_1.wav,Disgust,1
OAF_dead_disgust_1.wav,Disgust,1
OAF_death_disgust_1.wav,Disgust,1
OAF_deep_disgust_1.wav,Disgust,1
OAF_dime_disgust_1.wav,Disgust,1
OAF_dip_disgust_1.wav,Disgust,1
OAF_ditch_disgust_1.wav,Disgust,1
OAF_dodge_disgust_1.wav,Disgust,1
OAF_dog_disgust_1.wav,Disgust,1
OAF_doll_disgust_1.wav,Disgust,1
OAF_door_disgust_1.wav,Disgust,1
OAF_fail_disgust_1.wav,Disgust,1
OAF_fall_disgust_1.wav,Disgust,1
OAF_far_disgust_1.wav,Disgust,1
OAF_fat_disgust_1.wav,Disgust,1
OAF_fit_disgust_1.wav,Disgust,1
OAF_five_disgust_1.wav,Disgust,1
OAF_food_disgust_1.wav,Disgust,1
OAF_gap_disgust_1.wav,Disgust,1
OAF_gas_disgust_1.wav,Disgust,1
OAF_gaze_disgust_1.wav,Disgust,1
OAF_germ_disgust_1.wav,Disgust,1
OAF_get_disgust_1.wav,Disgust,1
OAF_gin_disgust_1.wav,Disgust,1
OAF_goal_disgust_1.wav,Disgust,1
OAF_good_disgust_1.wav,Disgust,1
OAF_goose_disgust_1.wav,Disgust,1
OAF_gun_disgust_1.wav,Disgust,1
OAF_half_disgust_1.wav,Disgust,1
OAF_hall_disgust_1.wav,Disgust,1
OAF_hash_disgust_1.wav,Disgust,1
OAF_hate_disgust_1.wav,Disgust,1
OAF_have_disgust_1.wav,Disgust,1
OAF_haze_disgust_1.wav,Disgust,1
OAF_hire_disgust_1.wav,Disgust,1
OAF_hit_disgust_1.wav,Disgust,1
OAF_hole_disgust_1.wav,Disgust,1
OAF_home_disgust_1.wav,Disgust,1
OAF_hurl_disgust_1.wav,Disgust,1
OAF_hush_disgust_1.wav,Disgust,1
OAF_jail_disgust_1.wav,Disgust,1
OAF_jar_disgust_1.wav,Disgust,1
OAF_join_disgust_1.wav,Disgust,1
OAF_judge_disgust_1.wav,Disgust,1
OAF_jug_disgust_1.wav,Disgust,1
OAF_juice_disgust_1.wav,Disgust,1
OAF_keen_disgust_1.wav,Disgust,1
OAF_keep_disgust_1.wav,Disgust,1
OAF_keg_disgust_1.wav,Disgust,1
OAF_kick_disgust_1.wav,Disgust,1
OAF_kill_disgust_1.wav,Disgust,1
OAF_king_disgust_1.wav,Disgust,1
OAF_kite_disgust_1.wav,Disgust,1
OAF_knock_disgust_1.wav,Disgust,1
OAF_late_disgust_1.wav,Disgust,1
OAF_laud_disgust_1.wav,Disgust,1
OAF_lean_disgust_1.wav,Disgust,1
OAF_learn_disgust_1.wav,Disgust,1
OAF_lease_disgust_1.wav,Disgust,1
OAF_lid_disgust_1.wav,Disgust,1
OAF_life_disgust_1.wav,Disgust,1
OAF_limb_disgust_1.wav,Disgust,1
OAF_live_disgust_1.wav,Disgust,1
OAF_loaf_disgust_1.wav,Disgust,1
OAF_long_disgust_1.wav,Disgust,1
OAF_lore_disgust_1.wav,Disgust,1
OAF_lose_disgust_1.wav,Disgust,1
OAF_lot_disgust_1.wav,Disgust,1
OAF_love_disgust_1.wav,Disgust,1
OAF_luck_disgust_1.wav,Disgust,1
OAF_make_disgust_1.wav,Disgust,1
OAF_match_disgust_1.wav,Disgust,1
OAF_merge_disgust_1.wav,Disgust,1
OAF_mess_disgust_1.wav,Disgust,1
OAF_met_disgust_1.wav,Disgust,1
OAF_mill_disgust_1.wav,Disgust,1
OAF_mob_disgust_1.wav,Disgust,1
OAF_mode_disgust_1.wav,Disgust,1
OAF_mood_disgust_1.wav,Disgust,1
OAF_moon_disgust_1.wav,Disgust,1
OAF_mop_disgust_1.wav,Disgust,1
OAF_mouse_disgust_1.wav,Disgust,1
OAF_nag_disgust_1.wav,Disgust,1
OAF_name_disgust_1.wav,Disgust,1
OAF_near_disgust_1.wav,Disgust,1
OAF_neat_disgust_1.wav,Disgust,1
OAF_nice_disgust_1.wav,Disgust,1
OAF_note_disgust_1.wav,Disgust,1
OAF_numb_disgust_1.wav,Disgust,1
OAF_pad_disgust_1.wav,Disgust,1
OAF_page_disgust_1.wav,Disgust,1
OAF_pain_disgust_1.wav,Disgust,1
OAF_pass_disgust_1.wav,Disgust,1
OAF_pearl_disgust_1.wav,Disgust,1
OAF_peg_disgust_1.wav,Disgust,1
OAF_perch_disgust_1.wav,Disgust,1
OAF_phone_disgust_1.wav,Disgust,1
OAF_pick_disgust_1.wav,Disgust,1
OAF_pike_disgust_1.wav,Disgust,1
OAF_pole_disgust_1.wav,Disgust,1
OAF_pool_disgust_1.wav,Disgust,1
OAF_puff_disgust_1.wav,Disgust,1
OAF_rag_disgust_1.wav,Disgust,1
OAF_raid_disgust_1.wav,Disgust,1
OAF_rain_disgust_1.wav,Disgust,1
OAF_raise_disgust_1.wav,Disgust,1
OAF_rat_disgust_1.wav,Disgust,1
OAF_reach_disgust_1.wav,Disgust,1
OAF_read_disgust_1.wav,Disgust,1
OAF_red_disgust_1.wav,Disgust,1
OAF_ring_disgust_1.wav,Disgust,1
OAF_ripe_disgust_1.wav,Disgust,1
OAF_road_disgust_1.wav,Disgust,1
OAF_room_disgust_1.wav,Disgust,1
OAF_rose_disgust_1.wav,Disgust,1
OAF_rot_disgust_1.wav,Disgust,1
OAF_rough_disgust_1.wav,Disgust,1
OAF_rush_disgust_1.wav,Disgust,1
OAF_said_disgust_1.wav,Disgust,1
OAF_sail_disgust_1.wav,Disgust,1
OAF_search_disgust_1.wav,Disgust,1
OAF_seize_disgust_1.wav,Disgust,1
OAF_sell_disgust_1.wav,Disgust,1
OAF_shack_disgust_1.wav,Disgust,1
OAF_shall_disgust_1.wav,Disgust,1
OAF_shawl_disgust_1.wav,Disgust,1
OAF_sheep_disgust_1.wav,Disgust,1
OAF_shirt_disgust_1.wav,Disgust,1
OAF_should_disgust_1.wav,Disgust,1
OAF_shout_disgust_1.wav,Disgust,1
OAF_size_disgust_1.wav,Disgust,1
OAF_soap_disgust_1.wav,Disgust,1
OAF_soup_disgust_1.wav,Disgust,1
OAF_sour_disgust_1.wav,Disgust,1
OAF_south_disgust_1.wav,Disgust,1
OAF_sub_disgust_1.wav,Disgust,1
OAF_such_disgust_1.wav,Disgust,1
OAF_sure_disgust_1.wav,Disgust,1
OAF_take_disgust_1.wav,Disgust,1
OAF_talk_disgust_1.wav,Disgust,1
OAF_tape_disgust_1.wav,Disgust,1
OAF_team_disgust_1.wav,Disgust,1
OAF_tell_disgust_1.wav,Disgust,1
OAF_thin_disgust_1.wav,Disgust,1
OAF_third_disgust_1.wav,Disgust,1
OAF_thought_disgust_1.wav,Disgust,1
OAF_thumb_disgust_1.wav,Disgust,1
OAF_time_disgust_1.wav,Disgust,1
OAF_tip_disgust_1.wav,Disgust,1
OAF_tire_disgust_1.wav,Disgust,1
OAF_ton_disgust_1.wav,Disgust,1
OAF_tool_disgust_1.wav,Disgust,1
OAF_tough_disgust_1.wav,Disgust,1
OAF_turn_disgust_1.wav,Disgust,1
OAF_vine_disgust_1.wav,Disgust,1
OAF_voice_disgust_1.wav,Disgust,1
OAF_void_disgust_1.wav,Disgust,1
OAF_vote_disgust_1.wav,Disgust,1
OAF_wag_disgust_1.wav,Disgust,1
OAF_walk_disgust_1.wav,Disgust,1
OAF_wash_disgust_1.wav,Disgust,1
OAF_week_disgust_1.wav,Disgust,1
OAF_wheat_disgust_1.wav,Disgust,1
OAF_when_disgust_1.wav,Disgust,1
OAF_which_disgust_1.wav,Disgust,1
OAF_whip_disgust_1.wav,Disgust,1
OAF_white_disgust_1.wav,Disgust,1
OAF_wife_disgust_1.wav,Disgust,1
OAF_wire_disgust_1.wav,Disgust,1
OAF_witch_disgust_1.wav,Disgust,1
OAF_yearn_disgust_1.wav,Disgust,1
OAF_yes_disgust_1.wav,Disgust,1
OAF_young_disgust_1.wav,Disgust,1
OAF_youth_disgust_1.wav,Disgust,1
YAF_back_disgust_1.wav,Disgust,1
YAF_bar_disgust_1.wav,Disgust,1
YAF_base_disgust_1.wav,Disgust,1
YAF_bath_disgust_1.wav,Disgust,1
YAF_bean_disgust_1.wav,Disgust,1
YAF_beg_disgust_1.wav,Disgust,1
YAF_bite_disgust_1.wav,Disgust,1
YAF_boat_disgust_1.wav,Disgust,1
YAF_bone_disgust_1.wav,Disgust,1
YAF_book_disgust_1.wav,Disgust,1
YAF_bought_disgust_1.wav,Disgust,1
YAF_burn_disgust_1.wav,Disgust,1
YAF_cab_disgust_1.wav,Disgust,1
YAF_calm_disgust_1.wav,Disgust,1
YAF_came_disgust_1.wav,Disgust,1
YAF_cause_disgust_1.wav,Disgust,1
YAF_chain_disgust_1.wav,Disgust,1
YAF_chair_disgust_1.wav,Disgust,1
YAF_chalk_disgust_1.wav,Disgust,1
YAF_chat_disgust_1.wav,Disgust,1
YAF_check_disgust_1.wav,Disgust,1
YAF_cheek_disgust_1.wav,Disgust,1
YAF_chief_disgust_1.wav,Disgust,1
YAF_choice_disgust_1.wav,Disgust,1
YAF_cool_disgust_1.wav,Disgust,1
YAF_dab_disgust_1.wav,Disgust,1
YAF_date_disgust_1.wav,Disgust,1
YAF_dead_disgust_1.wav,Disgust,1
YAF_death_disgust_1.wav,Disgust,1
YAF_deep_disgust_1.wav,Disgust,1
YAF_dime_disgust_1.wav,Disgust,1
YAF_dip_disgust_1.wav,Disgust,1
YAF_ditch_disgust_1.wav,Disgust,1
YAF_dodge_disgust_1.wav,Disgust,1
YAF_dog_disgust_1.wav,Disgust,1
YAF_doll_disgust_1.wav,Disgust,1
YAF_door_disgust_1.wav,Disgust,1
YAF_fail_disgust_1.wav,Disgust,1
YAF_fall_disgust_1.wav,Disgust,1
YAF_far_disgust_1.wav,Disgust,1
YAF_fat_disgust_1.wav,Disgust,1
YAF_fit_disgust_1.wav,Disgust,1
YAF_five_disgust_1.wav,Disgust,1
YAF_food_disgust_1.wav,Disgust,1
YAF_gap_disgust_1.wav,Disgust,1
YAF_gas_disgust_1.wav,Disgust,1
YAF_gaze_disgust_1.wav,Disgust,1
YAF_germ_disgust_1.wav,Disgust,1
YAF_get_disgust_1.wav,Disgust,1
YAF_gin_disgust_1.wav,Disgust,1
YAF_goal_disgust_1.wav,Disgust,1
YAF_good_disgust_1.wav,Disgust,1
YAF_goose_disgust_1.wav,Disgust,1
YAF_gun_disgust_1.wav,Disgust,1
YAF_half_disgust_1.wav,Disgust,1
YAF_hall_disgust_1.wav,Disgust,1
YAF_hash_disgust_1.wav,Disgust,1
YAF_hate_disgust_1.wav,Disgust,1
YAF_have_disgust_1.wav,Disgust,1
YAF_haze_disgust_1.wav,Disgust,1
YAF_hire_disgust_1.wav,Disgust,1
YAF_hit_disgust_1.wav,Disgust,1
YAF_hole_disgust_1.wav,Disgust,1
YAF_home_disgust_1.wav,Disgust,1
YAF_hurl_disgust_1.wav,Disgust,1
YAF_hush_disgust_1.wav,Disgust,1
YAF_jail_disgust_1.wav,Disgust,1
YAF_jar_disgust_1.wav,Disgust,1
YAF_join_disgust_1.wav,Disgust,1
YAF_judge_disgust_1.wav,Disgust,1
YAF_jug_disgust_1.wav,Disgust,1
YAF_juice_disgust_1.wav,Disgust,1
YAF_keen_disgust_1.wav,Disgust,1
YAF_keep_disgust_1.wav,Disgust,1
YAF_keg_disgust_1.wav,Disgust,1
YAF_kick_disgust_1.wav,Disgust,1
YAF_kill_disgust_1.wav,Disgust,1
YAF_king_disgust_1.wav,Disgust,1
YAF_kite_disgust_1.wav,Disgust,1
YAF_knock_disgust_1.wav,Disgust,1
YAF_late_disgust_1.wav,Disgust,1
YAF_laud_disgust_1.wav,Disgust,1
YAF_lean_disgust_1.wav,Disgust,1
YAF_learn_disgust_1.wav,Disgust,1
YAF_lease_disgust_1.wav,Disgust,1
YAF_lid_disgust_1.wav,Disgust,1
YAF_life_disgust_1.wav,Disgust,1
YAF_limb_disgust_1.wav,Disgust,1
YAF_live_disgust_1.wav,Disgust,1
YAF_loaf_disgust_1.wav,Disgust,1
YAF_long_disgust_1.wav,Disgust,1
YAF_lore_disgust_1.wav,Disgust,1
YAF_lose_disgust_1.wav,Disgust,1
YAF_lot_disgust_1.wav,Disgust,1
YAF_love_disgust_1.wav,Disgust,1
YAF_luck_disgust_1.wav,Disgust,1
YAF_make_disgust_1.wav,Disgust,1
YAF_match_disgust_1.wav,Disgust,1
YAF_merge_disgust_1.wav,Disgust,1
YAF_mess_disgust_1.wav,Disgust,1
YAF_met_disgust_1.wav,Disgust,1
YAF_mill_disgust_1.wav,Disgust,1
YAF_mob_disgust_1.wav,Disgust,1
YAF_mode_disgust_1.wav,Disgust,1
YAF_mood_disgust_1.wav,Disgust,1
YAF_moon_disgust_1.wav,Disgust,1
YAF_mop_disgust_1.wav,Disgust,1
YAF_mouse_disgust_1.wav,Disgust,1
YAF_nag_disgust_1.wav,Disgust,1
YAF_name_disgust_1.wav,Disgust,1
YAF_near_disgust_1.wav,Disgust,1
YAF_neat_disgust_1.wav,Disgust,1
YAF_nice_disgust_1.wav,Disgust,1
YAF_note_disgust_1.wav,Disgust,1
YAF_numb_disgust_1.wav,Disgust,1
YAF_pad_disgust_1.wav,Disgust,1
YAF_page_disgust_1.wav,Disgust,1
YAF_pain_disgust_1.wav,Disgust,1
YAF_pass_disgust_1.wav,Disgust,1
YAF_pearl_disgust_1.wav,Disgust,1
YAF_peg_disgust_1.wav,Disgust,1
YAF_perch_disgust_1.wav,Disgust,1
YAF_phone_disgust_1.wav,Disgust,1
YAF_pick_disgust_1.wav,Disgust,1
YAF_pike_disgust_1.wav,Disgust,1
YAF_pole_disgust_1.wav,Disgust,1
YAF_pool_disgust_1.wav,Disgust,1
YAF_puff_disgust_1.wav,Disgust,1
YAF_rag_disgust_1.wav,Disgust,1
YAF_raid_disgust_1.wav,Disgust,1
YAF_rain_disgust_1.wav,Disgust,1
YAF_raise_disgust_1.wav,Disgust,1
YAF_rat_disgust_1.wav,Disgust,1
YAF_reach_disgust_1.wav,Disgust,1
YAF_read_disgust_1.wav,Disgust,1
YAF_red_disgust_1.wav,Disgust,1
YAF_ring_disgust_1.wav,Disgust,1
YAF_ripe_disgust_1.wav,Disgust,1
YAF_road_disgust_1.wav,Disgust,1
YAF_room_disgust_1.wav,Disgust,1
YAF_rose_disgust_1.wav,Disgust,1
YAF_rot_disgust_1.wav,Disgust,1
YAF_rough_disgust_1.wav,Disgust,1
YAF_rush_disgust_1.wav,Disgust,1
YAF_said_disgust_1.wav,Disgust,1
YAF_sail_disgust_1.wav,Disgust,1
YAF_search_disgust_1.wav,Disgust,1
YAF_seize_disgust_1.wav,Disgust,1
YAF_sell_disgust_1.wav,Disgust,1
YAF_shack_disgust_1.wav,Disgust,1
YAF_shall_disgust_1.wav,Disgust,1
YAF_shawl_disgust_1.wav,Disgust,1
YAF_sheep_disgust_1.wav,Disgust,1
YAF_shirt_disgust_1.wav,Disgust,1
YAF_should_disgust_1.wav,Disgust,1
YAF_shout_disgust_1.wav,Disgust,1
YAF_size_disgust_1.wav,Disgust,1
YAF_soap_disgust_1.wav,Disgust,1
YAF_soup_disgust_1.wav,Disgust,1
YAF_sour_disgust_1.wav,Disgust,1
YAF_south_disgust_1.wav,Disgust,1
YAF_sub_disgust_1.wav,Disgust,1
YAF_such_disgust_1.wav,Disgust,1
YAF_sure_disgust_1.wav,Disgust,1
YAF_take_disgust_1.wav,Disgust,1
YAF_talk_disgust_1.wav,Disgust,1
YAF_tape_disgust_1.wav,Disgust,1
YAF_team_disgust_1.wav,Disgust,1
YAF_tell_disgust_1.wav,Disgust,1
YAF_thin_disgust_1.wav,Disgust,1
YAF_third_disgust_1.wav,Disgust,1
YAF_thought_disgust_1.wav,Disgust,1
YAF_thumb_disgust_1.wav,Disgust,1
YAF_time_disgust_1.wav,Disgust,1
YAF_tip_disgust_1.wav,Disgust,1
YAF_tire_disgust_1.wav,Disgust,1
YAF_ton_disgust_1.wav,Disgust,1
YAF_tool_disgust_1.wav,Disgust,1
YAF_tough_disgust_1.wav,Disgust,1
YAF_turn_disgust_1.wav,Disgust,1
YAF_vine_disgust_1.wav,Disgust,1
YAF_voice_disgust_1.wav,Disgust,1
YAF_void_disgust_1.wav,Disgust,1
YAF_vote_disgust_1.wav,Disgust,1
YAF_wag_disgust_1.wav,Disgust,1
YAF_walk_disgust_1.wav,Disgust,1
YAF_wash_disgust_1.wav,Disgust,1
YAF_week_disgust_1.wav,Disgust,1
YAF_wheat_disgust_1.wav,Disgust,1
YAF_when_disgust_1.wav,Disgust,1
YAF_which_disgust_1.wav,Disgust,1
YAF_whip_disgust_1.wav,Disgust,1
YAF_white_disgust_1.wav,Disgust,1
YAF_wife_disgust_1.wav,Disgust,1
YAF_wire_disgust_1.wav,Disgust,1
YAF_witch_disgust_1.wav,Disgust,1
YAF_yearn_disgust_1.wav,Disgust,1
YAF_yes_disgust_1.wav,Disgust,1
YAF_young_disgust_1.wav,Disgust,1
YAF_youth_disgust_1.wav,Disgust,1
OAF_back_fear_1.wav,Fear,1
OAF_bar_fear_1.wav,Fear,1
OAF_base_fear_1.wav,Fear,1
OAF_bath_fear_1.wav,Fear,1
OAF_bean_fear_1.wav,Fear,1
OAF_beg_fear_1.wav,Fear,1
OAF_bite_fear_1.wav,Fear,1
OAF_boat_fear_1.wav,Fear,1
OAF_bone_fear_1.wav,Fear,1
OAF_book_fear_1.wav,Fear,1
OAF_bought_fear_1.wav,Fear,1
OAF_burn_fear_1.wav,Fear,1
OAF_cab_fear_1.wav,Fear,1
OAF_calm_fear_1.wav,Fear,1
OAF_came_fear_1.wav,Fear,1
OAF_cause_fear_1.wav,Fear,1
OAF_chain_fear_1.wav,Fear,1
OAF_chair_fear_1.wav,Fear,1
OAF_chalk_fear_1.wav,Fear,1
OAF_chat_fear_1.wav,Fear,1
OAF_check_fear_1.wav,Fear,1
OAF_cheek_fear_1.wav,Fear,1
OAF_chief_fear_1.wav,Fear,1
OAF_choice_fear_1.wav,Fear,1
OAF_cool_fear_1.wav,Fear,1
OAF_dab_fear_1.wav,Fear,1
OAF_date_fear_1.wav,Fear,1
OAF_dead_fear_1.wav,Fear,1
OAF_death_fear_1.wav,Fear,1
OAF_deep_fear_1.wav,Fear,1
OAF_dime_fear_1.wav,Fear,1
OAF_dip_fear_1.wav,Fear,1
OAF_ditch_fear_1.wav,Fear,1
OAF_dodge_fear_1.wav,Fear,1
OAF_dog_fear_1.wav,Fear,1
OAF_doll_fear_1.wav,Fear,1
OAF_door_fear_1.wav,Fear,1
OAF_fail_fear_1.wav,Fear,1
OAF_fall_fear_1.wav,Fear,1
OAF_far_fear_1.wav,Fear,1
OAF_fat_fear_1.wav,Fear,1
OAF_fit_fear_1.wav,Fear,1
OAF_five_fear_1.wav,Fear,1
OAF_food_fear_1.wav,Fear,1
OAF_gap_fear_1.wav,Fear,1
OAF_gas_fear_1.wav,Fear,1
OAF_gaze_fear_1.wav,Fear,1
OAF_germ_fear_1.wav,Fear,1
OAF_get_fear_1.wav,Fear,1
OAF_gin_fear_1.wav,Fear,1
OAF_goal_fear_1.wav,Fear,1
OAF_good_fear_1.wav,Fear,1
OAF_goose_fear_1.wav,Fear,1
OAF_gun_fear_1.wav,Fear,1
OAF_half_fear_1.wav,Fear,1
OAF_hall_fear_1.wav,Fear,1
OAF_hash_fear_1.wav,Fear,1
OAF_hate_fear_1.wav,Fear,1
OAF_have_fear_1.wav,Fear,1
OAF_haze_fear_1.wav,Fear,1
OAF_hire_fear_1.wav,Fear,1
OAF_hit_fear_1.wav,Fear,1
OAF_hole_fear_1.wav,Fear,1
OAF_home_fear_1.wav,Fear,1
OAF_hurl_fear_1.wav,Fear,1
OAF_hush_fear_1.wav,Fear,1
OAF_jail_fear_1.wav,Fear,1
OAF_jar_fear_1.wav,Fear,1
OAF_join_fear_1.wav,Fear,1
OAF_judge_fear_1.wav,Fear,1
OAF_jug_fear_1.wav,Fear,1
OAF_juice_fear_1.wav,Fear,1
OAF_keen_fear_1.wav,Fear,1
OAF_keep_fear_1.wav,Fear,1
OAF_keg_fear_1.wav,Fear,1
OAF_kick_fear_1.wav,Fear,1
OAF_kill_fear_1.wav,Fear,1
OAF_king_fear_1.wav,Fear,1
OAF_kite_fear_1.wav,Fear,1
OAF_knock_fear_1.wav,Fear,1
OAF_late_fear_1.wav,Fear,1
OAF_laud_fear_1.wav,Fear,1
OAF_lean_fear_1.wav,Fear,1
OAF_learn_fear_1.wav,Fear,1
OAF_lease_fear_1.wav,Fear,1
OAF_lid_fear_1.wav,Fear,1
OAF_life_fear_1.wav,Fear,1
OAF_limb_fear_1.wav,Fear,1
OAF_live_fear_1.wav,Fear,1
OAF_loaf_fear_1.wav,Fear,1
OAF_long_fear_1.wav,Fear,1
OAF_lore_fear_1.wav,Fear,1
OAF_lose_fear_1.wav,Fear,1
OAF_lot_fear_1.wav,Fear,1
OAF_love_fear_1.wav,Fear,1
OAF_luck_fear_1.wav,Fear,1
OAF_make_fear_1.wav,Fear,1
OAF_match_fear_1.wav,Fear,1
OAF_merge_fear_1.wav,Fear,1
OAF_mess_fear_1.wav,Fear,1
OAF_met_fear_1.wav,Fear,1
OAF_mill_fear_1.wav,Fear,1
OAF_mob_fear_1.wav,Fear,1
OAF_mode_fear_1.wav,Fear,1
OAF_mood_fear_1.wav,Fear,1
OAF_moon_fear_1.wav,Fear,1
OAF_mop_fear_1.wav,Fear,1
OAF_mouse_fear_1.wav,Fear,1
OAF_nag_fear_1.wav,Fear,1
OAF_name_fear_1.wav,Fear,1
OAF_near_fear_1.wav,Fear,1
OAF_neat_fear_1.wav,Fear,1
OAF_nice_fear_1.wav,Fear,1
OAF_note_fear_1.wav,Fear,1
OAF_numb_fear_1.wav,Fear,1
OAF_pad_fear_1.wav,Fear,1
OAF_page_fear_1.wav,Fear,1
OAF_pain_fear_1.wav,Fear,1
OAF_pass_fear_1.wav,Fear,1
OAF_pearl_fear_1.wav,Fear,1
OAF_peg_fear_1.wav,Fear,1
OAF_perch_fear_1.wav,Fear,1
OAF_phone_fear_1.wav,Fear,1
OAF_pick_fear_1.wav,Fear,1
OAF_pike_fear_1.wav,Fear,1
OAF_pole_fear_1.wav,Fear,1
OAF_pool_fear_1.wav,Fear,1
OAF_puff_fear_1.wav,Fear,1
OAF_rag_fear_1.wav,Fear,1
OAF_raid_fear_1.wav,Fear,1
OAF_rain_fear_1.wav,Fear,1
OAF_raise_fear_1.wav,Fear,1
OAF_rat_fear_1.wav,Fear,1
OAF_reach_fear_1.wav,Fear,1
OAF_read_fear_1.wav,Fear,1
OAF_red_fear_1.wav,Fear,1
OAF_ring_fear_1.wav,Fear,1
OAF_ripe_fear_1.wav,Fear,1
OAF_road_fear_1.wav,Fear,1
OAF_room_fear_1.wav,Fear,1
OAF_rose_fear_1.wav,Fear,1
OAF_rot_fear_1.wav,Fear,1
OAF_rough_fear_1.wav,Fear,1
OAF_rush_fear_1.wav,Fear,1
OAF_said_fear_1.wav,Fear,1
OAF_sail_fear_1.wav,Fear,1
OAF_search_fear_1.wav,Fear,1
OAF_seize_fear_1.wav,Fear,1
OAF_sell_fear_1.wav,Fear,1
OAF_shack_fear_1.wav,Fear,1
OAF_shall_fear_1.wav,Fear,1
OAF_shawl_fear_1.wav,Fear,1
OAF_sheep_fear_1.wav,Fear,1
OAF_shirt_fear_1.wav,Fear,1
OAF_should_fear_1.wav,Fear,1
OAF_shout_fear_1.wav,Fear,1
OAF_size_fear_1.wav,Fear,1
OAF_soap_fear_1.wav,Fear,1
OAF_soup_fear_1.wav,Fear,1
OAF_sour_fear_1.wav,Fear,1
OAF_south_fear_1.wav,Fear,1
OAF_sub_fear_1.wav,Fear,1
OAF_such_fear_1.wav,Fear,1
OAF_sure_fear_1.wav,Fear,1
OAF_take_fear_1.wav,Fear,1
OAF_talk_fear_1.wav,Fear,1
OAF_tape_fear_1.wav,Fear,1
OAF_team_fear_1.wav,Fear,1
OAF_tell_fear_1.wav,Fear,1
OAF_thin_fear_1.wav,Fear,1
OAF_third_fear_1.wav,Fear,1
OAF_thought_fear_1.wav,Fear,1
OAF_thumb_fear_1.wav,Fear,1
OAF_time_fear_1.wav,Fear,1
OAF_tip_fear_1.wav,Fear,1
OAF_tire_fear_1.wav,Fear,1
OAF_ton_fear_1.wav,Fear,1
OAF_tool_fear_1.wav,Fear,1
OAF_tough_fear_1.wav,Fear,1
OAF_turn_fear_1.wav,Fear,1
OAF_vine_fear_1.wav,Fear,1
OAF_voice_fear_1.wav,Fear,1
OAF_void_fear_1.wav,Fear,1
OAF_vote_fear_1.wav,Fear,1
OAF_wag_fear_1.wav,Fear,1
OAF_walk_fear_1.wav,Fear,1
OAF_wash_fear_1.wav,Fear,1
OAF_week_fear_1.wav,Fear,1
OAF_wheat_fear_1.wav,Fear,1
OAF_when_fear_1.wav,Fear,1
OAF_which_fear_1.wav,Fear,1
OAF_whip_fear_1.wav,Fear,1
OAF_white_fear_1.wav,Fear,1
OAF_wife_fear_1.wav,Fear,1
OAF_wire_fear_1.wav,Fear,1
OAF_witch_fear_1.wav,Fear,1
OAF_yearn_fear_1.wav,Fear,1
OAF_yes_fear_1.wav,Fear,1
OAF_young_fear_1.wav,Fear,1
OAF_youth_fear_1.wav,Fear,1
YAF_back_fear_1.wav,Fear,1
YAF_bar_fear_1.wav,Fear,1
YAF_base_fear_1.wav,Fear,1
YAF_bath_fear_1.wav,Fear,1
YAF_bean_fear_1.wav,Fear,1
YAF_beg_fear_1.wav,Fear,1
YAF_bite_fear_1.wav,Fear,1
YAF_boat_fear_1.wav,Fear,1
YAF_bone_fear_1.wav,Fear,1
YAF_book_fear_1.wav,Fear,1
YAF_bought_fear_1.wav,Fear,1
YAF_burn_fear_1.wav,Fear,1
YAF_cab_fear_1.wav,Fear,1
YAF_calm_fear_1.wav,Fear,1
YAF_came_fear_1.wav,Fear,1
YAF_cause_fear_1.wav,Fear,1
YAF_chain_fear_1.wav,Fear,1
YAF_chair_fear_1.wav,Fear,1
YAF_chalk_fear_1.wav,Fear,1
YAF_chat_fear_1.wav,Fear,1
YAF_check_fear_1.wav,Fear,1
YAF_cheek_fear_1.wav,Fear,1
YAF_chief_fear_1.wav,Fear,1
YAF_choice_fear_1.wav,Fear,1
YAF_cool_fear_1.wav,Fear,1
YAF_dab_fear_1.wav,Fear,1
YAF_date_fear_1.wav,Fear,1
YAF_dead_fear_1.wav,Fear,1
YAF_death_fear_1.wav,Fear,1
YAF_deep_fear_1.wav,Fear,1
YAF_dime_fear_1.wav,Fear,1
YAF_dip_fear_1.wav,Fear,1
YAF_ditch_fear_1.wav,Fear,1
YAF_dodge_fear_1.wav,Fear,1
YAF_dog_fear_1.wav,Fear,1
YAF_doll_fear_1.wav,Fear,1
YAF_door_fear_1.wav,Fear,1
YAF_fail_fear_1.wav,Fear,1
YAF_fall_fear_1.wav,Fear,1
YAF_far_fear_1.wav,Fear,1
YAF_fat_fear_1.wav,Fear,1
YAF_fit_fear_1.wav,Fear,1
YAF_five_fear_1.wav,Fear,1
YAF_food_fear_1.wav,Fear,1
YAF_gap_fear_1.wav,Fear,1
YAF_gas_fear_1.wav,Fear,1
YAF_gaze_fear_1.wav,Fear,1
YAF_germ_fear_1.wav,Fear,1
YAF_get_fear_1.wav,Fear,1
YAF_gin_fear_1.wav,Fear,1
YAF_goal_fear_1.wav,Fear,1
YAF_good_fear_1.wav,Fear,1
YAF_goose_fear_1.wav,Fear,1
YAF_gun_fear_1.wav,Fear,1
YAF_half_fear_1.wav,Fear,1
YAF_hall_fear_1.wav,Fear,1
YAF_hash_fear_1.wav,Fear,1
YAF_hate_fear_1.wav,Fear,1
YAF_have_fear_1.wav,Fear,1
YAF_haze_fear_1.wav,Fear,1
YAF_hire_fear_1.wav,Fear,1
YAF_hit_fear_1.wav,Fear,1
YAF_hole_fear_1.wav,Fear,1
YAF_home_fear_1.wav,Fear,1
YAF_hurl_fear_1.wav,Fear,1
YAF_hush_fear_1.wav,Fear,1
YAF_jail_fear_1.wav,Fear,1
YAF_jar_fear_1.wav,Fear,1
YAF_join_fear_1.wav,Fear,1
YAF_judge_fear_1.wav,Fear,1
YAF_jug_fear_1.wav,Fear,1
YAF_juice_fear_1.wav,Fear,1
YAF_keen_fear_1.wav,Fear,1
YAF_keep_fear_1.wav,Fear,1
YAF_keg_fear_1.wav,Fear,1
YAF_kick_fear_1.wav,Fear,1
YAF_kill_fear_1.wav,Fear,1
YAF_king_fear_1.wav,Fear,1
YAF_kite_fear_1.wav,Fear,1
YAF_knock_fear_1.wav,Fear,1
YAF_late_fear_1.wav,Fear,1
YAF_laud_fear_1.wav,Fear,1
YAF_lean_fear_1.wav,Fear,1
YAF_learn_fear_1.wav,Fear,1
YAF_lease_fear_1.wav,Fear,1
YAF_lid_fear_1.wav,Fear,1
YAF_life_fear_1.wav,Fear,1
YAF_limb_fear_1.wav,Fear,1
YAF_live_fear_1.wav,Fear,1
YAF_loaf_fear_1.wav,Fear,1
YAF_long_fear_1.wav,Fear,1
YAF_lore_fear_1.wav,Fear,1
YAF_lose_fear_1.wav,Fear,1
YAF_lot_fear_1.wav,Fear,1
YAF_love_fear_1.wav,Fear,1
YAF_luck_fear_1.wav,Fear,1
YAF_make_fear_1.wav,Fear,1
YAF_match_fear_1.wav,Fear,1
YAF_merge_fear_1.wav,Fear,1
YAF_mess_fear_1.wav,Fear,1
YAF_met_fear_1.wav,Fear,1
YAF_mill_fear_1.wav,Fear,1
YAF_mob_fear_1.wav,Fear,1
YAF_mode_fear_1.wav,Fear,1
YAF_mood_fear_1.wav,Fear,1
YAF_moon_fear_1.wav,Fear,1
YAF_mop_fear_1.wav,Fear,1
YAF_mouse_fear_1.wav,Fear,1
YAF_nag_fear_1.wav,Fear,1
YAF_name_fear_1.wav,Fear,1
YAF_near_fear_1.wav,Fear,1
YAF_neat_fear_1.wav,Fear,1
YAF_nice_fear_1.wav,Fear,1
YAF_note_fear_1.wav,Fear,1
YAF_numb_fear_1.wav,Fear,1
YAF_pad_fear_1.wav,Fear,1
YAF_page_fear_1.wav,Fear,1
YAF_pain_fear_1.wav,Fear,1
YAF_pass_fear_1.wav,Fear,1
YAF_pearl_fear_1.wav,Fear,1
YAF_peg_fear_1.wav,Fear,1
YAF_perch_fear_1.wav,Fear,1
YAF_phone_fear_1.wav,Fear,1
YAF_pick_fear_1.wav,Fear,1
YAF_pike_fear_1.wav,Fear,1
YAF_pole_fear_1.wav,Fear,1
YAF_pool_fear_1.wav,Fear,1
YAF_puff_fear_1.wav,Fear,1
YAF_rag_fear_1.wav,Fear,1
YAF_raid_fear_1.wav,Fear,1
YAF_rain_fear_1.wav,Fear,1
YAF_raise_fear_1.wav,Fear,1
YAF_rat_fear_1.wav,Fear,1
YAF_reach_fear_1.wav,Fear,1
YAF_read_fear_1.wav,Fear,1
YAF_red_fear_1.wav,Fear,1
YAF_ring_fear_1.wav,Fear,1
YAF_ripe_fear_1.wav,Fear,1
YAF_road_fear_1.wav,Fear,1
YAF_room_fear_1.wav,Fear,1
YAF_rose_fear_1.wav,Fear,1
YAF_rot_fear_1.wav,Fear,1
YAF_rough_fear_1.wav,Fear,1
YAF_rush_fear_1.wav,Fear,1
YAF_said_fear_1.wav,Fear,1
YAF_sail_fear_1.wav,Fear,1
YAF_search_fear_1.wav,Fear,1
YAF_seize_fear_1.wav,Fear,1
YAF_sell_fear_1.wav,Fear,1
YAF_shack_fear_1.wav,Fear,1
YAF_shall_fear_1.wav,Fear,1
YAF_shawl_fear_1.wav,Fear,1
YAF_sheep_fear_1.wav,Fear,1
YAF_shirt_fear_1.wav,Fear,1
YAF_should_fear_1.wav,Fear,1
YAF_shout_fear_1.wav,Fear,1
YAF_size_fear_1.wav,Fear,1
YAF_soap_fear_1.wav,Fear,1
YAF_soup_fear_1.wav,Fear,1
YAF_sour_fear_1.wav,Fear,1
YAF_south_fear_1.wav,Fear,1
YAF_sub_fear_1.wav,Fear,1
YAF_such_fear_1.wav,Fear,1
YAF_sure_fear_1.wav,Fear,1
YAF_take_fear_1.wav,Fear,1
YAF_talk_fear_1.wav,Fear,1
YAF_tape_fear_1.wav,Fear,1
YAF_team_fear_1.wav,Fear,1
YAF_tell_fear_1.wav,Fear,1
YAF_thin_fear_1.wav,Fear,1
YAF_third_fear_1.wav,Fear,1
YAF_thought_fear_1.wav,Fear,1
YAF_thumb_fear_1.wav,Fear,1
YAF_time_fear_1.wav,Fear,1
YAF_tip_fear_1.wav,Fear,1
YAF_tire_fear_1.wav,Fear,1
YAF_ton_fear_1.wav,Fear,1
YAF_tool_fear_1.wav,Fear,1
YAF_tough_fear_1.wav,Fear,1
YAF_turn_fear_1.wav,Fear,1
YAF_vine_fear_1.wav,Fear,1
YAF_voice_fear_1.wav,Fear,1
YAF_void_fear_1.wav,Fear,1
YAF_vote_fear_1.wav,Fear,1
YAF_wag_fear_1.wav,Fear,1
YAF_walk_fear_1.wav,Fear,1
YAF_wash_fear_1.wav,Fear,1
YAF_week_fear_1.wav,Fear,1
YAF_wheat_fear_1.wav,Fear,1
YAF_when_fear_1.wav,Fear,1
YAF_which_fear_1.wav,Fear,1
YAF_whip_fear_1.wav,Fear,1
YAF_white_fear_1.wav,Fear,1
YAF_wife_fear_1.wav,Fear,1
YAF_wire_fear_1.wav,Fear,1
YAF_witch_fear_1.wav,Fear,1
YAF_yearn_fear_1.wav,Fear,1
YAF_yes_fear_1.wav,Fear,1
YAF_young_fear_1.wav,Fear,1
YAF_youth_fear_1.wav,Fear,1
OAF_back_happy_1.wav,Happy,1
OAF_bar_happy_1.wav,Happy,1
OAF_base_happy_1.wav,Happy,1
OAF_bath_happy_1.wav,Happy,1
OAF_bean_happy_1.wav,Happy,1
OAF_beg_happy_1.wav,Happy,1
OAF_bite_happy_1.wav,Happy,1
OAF_boat_happy_1.wav,Happy,1
OAF_bone_happy_1.wav,Happy,1
OAF_book_happy_1.wav,Happy,1
OAF_bought_happy_1.wav,Happy,1
OAF_burn_happy_1.wav,Happy,1
OAF_cab_happy_1.wav,Happy,1
OAF_calm_happy_1.wav,Happy,1
OAF_came_happy_1.wav,Happy,1
OAF_cause_happy_1.wav,Happy,1
OAF_chain_happy_1.wav,Happy,1
OAF_chair_happy_1.wav,Happy,1
OAF_chalk_happy_1.wav,Happy,1
OAF_chat_happy_1.wav,Happy,1
OAF_check_happy_1.wav,Happy,1
OAF_cheek_happy_1.wav,Happy,1
OAF_chief_happy_1.wav,Happy,1
OAF_choice_happy_1.wav,Happy,1
OAF_cool_happy_1.wav,Happy,1
OAF_dab_happy_1.wav,Happy,1
OAF_date_happy_1.wav,Happy,1
OAF_dead_happy_1.wav,Happy,1
OAF_death_happy_1.wav,Happy,1
OAF_deep_happy_1.wav,Happy,1
OAF_dime_happy_1.wav,Happy,1
OAF_dip_happy_1.wav,Happy,1
OAF_ditch_happy_1.wav,Happy,1
OAF_dodge_happy_1.wav,Happy,1
OAF_dog_happy_1.wav,Happy,1
OAF_doll_happy_1.wav,Happy,1
OAF_door_happy_1.wav,Happy,1
OAF_fail_happy_1.wav,Happy,1
OAF_fall_happy_1.wav,Happy,1
OAF_far_happy_1.wav,Happy,1
OAF_fat_happy_1.wav,Happy,1
OAF_fit_happy_1.wav,Happy,1
OAF_five_happy_1.wav,Happy,1
OAF_food_happy_1.wav,Happy,1
OAF_gap_happy_1.wav,Happy,1
OAF_gas_happy_1.wav,Happy,1
OAF_gaze_happy_1.wav,Happy,1
OAF_germ_happy_1.wav,Happy,1
OAF_get_happy_1.wav,Happy,1
OAF_gin_happy_1.wav,Happy,1
OAF_goal_happy_1.wav,Happy,1
OAF_good_happy_1.wav,Happy,1
OAF_goose_happy_1.wav,Happy,1
OAF_gun_happy_1.wav,Happy,1
OAF_half_happy_1.wav,Happy,1
OAF_hall_happy_1.wav,Happy,1
OAF_hash_happy_1.wav,Happy,1
OAF_hate_happy_1.wav,Happy,1
OAF_have_happy_1.wav,Happy,1
OAF_haze_happy_1.wav,Happy,1
OAF_hire_happy_1.wav,Happy,1
OAF_hit_happy_1.wav,Happy,1
OAF_hole_happy_1.wav,Happy,1
OAF_home_happy_1.wav,Happy,1
OAF_hurl_happy_1.wav,Happy,1
OAF_hush_happy_1.wav,Happy,1
OAF_jail_happy_1.wav,Happy,1
OAF_jar_happy_1.wav,Happy,1
OAF_join_happy_1.wav,Happy,1
OAF_judge_happy_1.wav,Happy,1
OAF_jug_happy_1.wav,Happy,1
OAF_juice_happy_1.wav,Happy,1
OAF_keen_happy_1.wav,Happy,1
OAF_keep_happy_1.wav,Happy,1
OAF_keg_happy_1.wav,Happy,1
OAF_kick_happy_1.wav,Happy,1
OAF_kill_happy_1.wav,Happy,1
OAF_king_happy_1.wav,Happy,1
OAF_kite_happy_1.wav,Happy,1
OAF_knock_happy_1.wav,Happy,1
OAF_late_happy_1.wav,Happy,1
OAF_laud_happy_1.wav,Happy,1
OAF_lean_happy_1.wav,Happy,1
OAF_learn_happy_1.wav,Happy,1
OAF_lease_happy_1.wav,Happy,1
OAF_lid_happy_1.wav,Happy,1
OAF_life_happy_1.wav,Happy,1
OAF_limb_happy_1.wav,Happy,1
OAF_live_happy_1.wav,Happy,1
OAF_loaf_happy_1.wav,Happy,1
OAF_long_happy_1.wav,Happy,1
OAF_lore_happy_1.wav,Happy,1
OAF_lose_happy_1.wav,Happy,1
OAF_lot_happy_1.wav,Happy,1
OAF_love_happy_1.wav,Happy,1
OAF_luck_happy_1.wav,Happy,1
OAF_make_happy_1.wav,Happy,1
OAF_match_happy_1.wav,Happy,1
OAF_merge_happy_1.wav,Happy,1
OAF_mess_happy_1.wav,Happy,1
OAF_met_happy_1.wav,Happy,1
OAF_mill_happy_1.wav,Happy,1
OAF_mob_happy_1.wav,Happy,1
OAF_mode_happy_1.wav,Happy,1
OAF_mood_happy_1.wav,Happy,1
OAF_moon_happy_1.wav,Happy,1
OAF_mop_happy_1.wav,Happy,1
OAF_mouse_happy_1.wav,Happy,1
OAF_nag_happy_1.wav,Happy,1
OAF_name_happy_1.wav,Happy,1
OAF_near_happy_1.wav,Happy,1
OAF_neat_happy_1.wav,Happy,1
OAF_nice_happy_1.wav,Happy,1
OAF_note_happy_1.wav,Happy,1
OAF_numb_happy_1.wav,Happy,1
OAF_pad_happy_1.wav,Happy,1
OAF_page_happy_1.wav,Happy,1
OAF_pain_happy_1.wav,Happy,1
OAF_pass_happy_1.wav,Happy,1
OAF_pearl_happy_1.wav,Happy,1
OAF_peg_happy_1.wav,Happy,1
OAF_perch_happy_1.wav,Happy,1
OAF_phone_happy_1.wav,Happy,1
OAF_pick_happy_1.wav,Happy,1
OAF_pike_happy_1.wav,Happy,1
OAF_pole_happy_1.wav,Happy,1
OAF_pool_happy_1.wav,Happy,1
OAF_puff_happy_1.wav,Happy,1
OAF_rag_happy_1.wav,Happy,1
OAF_raid_happy_1.wav,Happy,1
OAF_rain_happy_1.wav,Happy,1
OAF_raise_happy_1.wav,Happy,1
OAF_rat_happy_1.wav,Happy,1
OAF_reach_happy_1.wav,Happy,1
OAF_read_happy_1.wav,Happy,1
OAF_red_happy_1.wav,Happy,1
OAF_ring_happy_1.wav,Happy,1
OAF_ripe_happy_1.wav,Happy,1
OAF_road_happy_1.wav,Happy,1
OAF_room_happy_1.wav,Happy,1
OAF_rose_happy_1.wav,Happy,1
OAF_rot_happy_1.wav,Happy,1
OAF_rough_happy_1.wav,Happy,1
OAF_rush_happy_1.wav,Happy,1
OAF_said_happy_1.wav,Happy,1
OAF_sail_happy_1.wav,Happy,1
OAF_search_happy_1.wav,Happy,1
OAF_seize_happy_1.wav,Happy,1
OAF_sell_happy_1.wav,Happy,1
OAF_shack_happy_1.wav,Happy,1
OAF_shall_happy_1.wav,Happy,1
OAF_shawl_happy_1.wav,Happy,1
OAF_sheep_happy_1.wav,Happy,1
OAF_shirt_happy_1.wav,Happy,1
OAF_should_happy_1.wav,Happy,1
OAF_shout_happy_1.wav,Happy,1
OAF_size_happy_1.wav,Happy,1
OAF_soap_happy_1.wav,Happy,1
OAF_soup_happy_1.wav,Happy,1
OAF_sour_happy_1.wav,Happy,1
OAF_south_happy_1.wav,Happy,1
OAF_sub_happy_1.wav,Happy,1
OAF_such_happy_1.wav,Happy,1
OAF_sure_happy_1.wav,Happy,1
OAF_take_happy_1.wav,Happy,1
OAF_talk_happy_1.wav,Happy,1
OAF_tape_happy_1.wav,Happy,1
OAF_team_happy_1.wav,Happy,1
OAF_tell_happy_1.wav,Happy,1
OAF_thin_happy_1.wav,Happy,1
OAF_third_happy_1.wav,Happy,1
OAF_thought_happy_1.wav,Happy,1
OAF_thumb_happy_1.wav,Happy,1
OAF_time_happy_1.wav,Happy,1
OAF_tip_happy_1.wav,Happy,1
OAF_tire_happy_1.wav,Happy,1
OAF_ton_happy_1.wav,Happy,1
OAF_tool_happy_1.wav,Happy,1
OAF_tough_happy_1.wav,Happy,1
OAF_turn_happy_1.wav,Happy,1
OAF_vine_happy_1.wav,Happy,1
OAF_voice_happy_1.wav,Happy,1
OAF_void_happy_1.wav,Happy,1
OAF_vote_happy_1.wav,Happy,1
OAF_wag_happy_1.wav,Happy,1
OAF_walk_happy_1.wav,Happy,1
OAF_wash_happy_1.wav,Happy,1
OAF_week_happy_1.wav,Happy,1
OAF_wheat_happy_1.wav,Happy,1
OAF_when_happy_1.wav,Happy,1
OAF_which_happy_1.wav,Happy,1
OAF_whip_happy_1.wav,Happy,1
OAF_white_happy_1.wav,Happy,1
OAF_wife_happy_1.wav,Happy,1
OAF_wire_happy_1.wav,Happy,1
OAF_witch_happy_1.wav,Happy,1
OAF_yearn_happy_1.wav,Happy,1
OAF_yes_happy_1.wav,Happy,1
OAF_young_happy_1.wav,Happy,1
OAF_youth_happy_1.wav,Happy,1
YAF_back_happy_1.wav,Happy,1
YAF_bar_happy_1.wav,Happy,1
YAF_base_happy_1.wav,Happy,1
YAF_bath_happy_1.wav,Happy,1
YAF_bean_happy_1.wav,Happy,1
YAF_beg_happy_1.wav,Happy,1
YAF_bite_happy_1.wav,Happy,1
YAF_boat_happy_1.wav,Happy,1
YAF_bone_happy_1.wav,Happy,1
YAF_book_happy_1.wav,Happy,1
YAF_bought_happy_1.wav,Happy,1
YAF_burn_happy_1.wav,Happy,1
YAF_cab_happy_1.wav,Happy,1
YAF_calm_happy_1.wav,Happy,1
YAF_came_happy_1.wav,Happy,1
YAF_cause_happy_1.wav,Happy,1
YAF_chain_happy_1.wav,Happy,1
YAF_chair_happy_1.wav,Happy,1
YAF_chalk_happy_1.wav,Happy,1
YAF_chat_happy_1.wav,Happy,1
YAF_check_happy_1.wav,Happy,1
YAF_cheek_happy_1.wav,Happy,1
YAF_chief_happy_1.wav,Happy,1
YAF_choice_happy_1.wav,Happy,1
YAF_cool_happy_1.wav,Happy,1
YAF_dab_happy_1.wav,Happy,1
YAF_date_happy_1.wav,Happy,1
YAF_dead_happy_1.wav,Happy,1
YAF_death_happy_1.wav,Happy,1
YAF_deep_happy_1.wav,Happy,1
YAF_dime_happy_1.wav,Happy,1
YAF_dip_happy_1.wav,Happy,1
YAF_ditch_happy_1.wav,Happy,1
YAF_dodge_happy_1.wav,Happy,1
YAF_dog_happy_1.wav,Happy,1
YAF_doll_happy_1.wav,Happy,1
YAF_door_happy_1.wav,Happy,1
YAF_fail_happy_1.wav,Happy,1
YAF_fall_happy_1.wav,Happy,1
YAF_far_happy_1.wav,Happy,1
YAF_fat_happy_1.wav,Happy,1
YAF_fit_happy_1.wav,Happy,1
YAF_five_happy_1.wav,Happy,1
YAF_food_happy_1.wav,Happy,1
YAF_gap_happy_1.wav,Happy,1
YAF_gas_happy_1.wav,Happy,1
YAF_gaze_happy_1.wav,Happy,1
YAF_germ_happy_1.wav,Happy,1
YAF_get_happy_1.wav,Happy,1
YAF_gin_happy_1.wav,Happy,1
YAF_goal_happy_1.wav,Happy,1
YAF_good_happy_1.wav,Happy,1
YAF_goose_happy_1.wav,Happy,1
YAF_gun_happy_1.wav,Happy,1
YAF_half_happy_1.wav,Happy,1
YAF_hall_happy_1.wav,Happy,1
YAF_hash_happy_1.wav,Happy,1
YAF_hate_happy_1.wav,Happy,1
YAF_have_happy_1.wav,Happy,1
YAF_haze_happy_1.wav,Happy,1
YAF_hire_happy_1.wav,Happy,1
YAF_hit_happy_1.wav,Happy,1
YAF_hole_happy_1.wav,Happy,1
YAF_home_happy_1.wav,Happy,1
YAF_hurl_happy_1.wav,Happy,1
YAF_hush_happy_1.wav,Happy,1
YAF_jail_happy_1.wav,Happy,1
YAF_jar_happy_1.wav,Happy,1
YAF_join_happy_1.wav,Happy,1
YAF_judge_happy_1.wav,Happy,1
YAF_jug_happy_1.wav,Happy,1
YAF_juice_happy_1.wav,Happy,1
YAF_keen_happy_1.wav,Happy,1
YAF_keep_happy_1.wav,Happy,1
YAF_keg_happy_1.wav,Happy,1
YAF_kick_happy_1.wav,Happy,1
YAF_kill_happy_1.wav,Happy,1
YAF_king_happy_1.wav,Happy,1
YAF_kite_happy_1.wav,Happy,1
YAF_knock_happy_1.wav,Happy,1
YAF_late_happy_1.wav,Happy,1
YAF_laud_happy_1.wav,Happy,1
YAF_lean_happy_1.wav,Happy,1
YAF_learn_happy_1.wav,Happy,1
YAF_lease_happy_1.wav,Happy,1
YAF_lid_happy_1.wav,Happy,1
YAF_life_happy_1.wav,Happy,1
YAF_limb_happy_1.wav,Happy,1
YAF_live_happy_1.wav,Happy,1
YAF_loaf_happy_1.wav,Happy,1
YAF_long_happy_1.wav,Happy,1
YAF_lore_happy_1.wav,Happy,1
YAF_lose_happy_1.wav,Happy,1
YAF_lot_happy_1.wav,Happy,1
YAF_love_happy_1.wav,Happy,1
YAF_luck_happy_1.wav,Happy,1
YAF_make_happy_1.wav,Happy,1
YAF_match_happy_1.wav,Happy,1
YAF_merge_happy_1.wav,Happy,1
YAF_mess_happy_1.wav,Happy,1
YAF_met_happy_1.wav,Happy,1
YAF_mill_happy_1.wav,Happy,1
YAF_mob_happy_1.wav,Happy,1
YAF_mode_happy_1.wav,Happy,1
YAF_mood_happy_1.wav,Happy,1
YAF_moon_happy_1.wav,Happy,1
YAF_mop_happy_1.wav,Happy,1
YAF_mouse_happy_1.wav,Happy,1
YAF_nag_happy_1.wav,Happy,1
YAF_name_happy_1.wav,Happy,1
YAF_near_happy_1.wav,Happy,1
YAF_neat_happy_1.wav,Happy,1
YAF_nice_happy_1.wav,Happy,1
YAF_note_happy_1.wav,Happy,1
YAF_numb_happy_1.wav,Happy,1
YAF_pad_happy_1.wav,Happy,1
YAF_page_happy_1.wav,Happy,1
YAF_pain_happy_1.wav,Happy,1
YAF_pass_happy_1.wav,Happy,1
YAF_pearl_happy_1.wav,Happy,1
YAF_peg_happy_1.wav,Happy,1
YAF_perch_happy_1.wav,Happy,1
YAF_phone_happy_1.wav,Happy,1
YAF_pick_happy_1.wav,Happy,1
YAF_pike_happy_1.wav,Happy,1
YAF_pole_happy_1.wav,Happy,1
YAF_pool_happy_1.wav,Happy,1
YAF_puff_happy_1.wav,Happy,1
YAF_rag_happy_1.wav,Happy,1
YAF_raid_happy_1.wav,Happy,1
YAF_rain_happy_1.wav,Happy,1
YAF_raise_happy_1.wav,Happy,1
YAF_rat_happy_1.wav,Happy,1
YAF_reach_happy_1.wav,Happy,1
YAF_read_happy_1.wav,Happy,1
YAF_red_happy_1.wav,Happy,1
YAF_ring_happy_1.wav,Happy,1
YAF_ripe_happy_1.wav,Happy,1
YAF_road_happy_1.wav,Happy,1
YAF_room_happy_1.wav,Happy,1
YAF_rose_happy_1.wav,Happy,1
YAF_rot_happy_1.wav,Happy,1
YAF_rough_happy_1.wav,Happy,1
YAF_rush_happy_1.wav,Happy,1
YAF_said_happy_1.wav,Happy,1
YAF_sail_happy_1.wav,Happy,1
YAF_search_happy_1.wav,Happy,1
YAF_seize_happy_1.wav,Happy,1
YAF_sell_happy_1.wav,Happy,1
YAF_shack_happy_1.wav,Happy,1
YAF_shall_happy_1.wav,Happy,1
YAF_shawl_happy_1.wav,Happy,1
YAF_sheep_happy_1.wav,Happy,1
YAF_shirt_happy_1.wav,Happy,1
YAF_should_happy_1.wav,Happy,1
YAF_shout_happy_1.wav,Happy,1
YAF_size_happy_1.wav,Happy,1
YAF_soap_happy_1.wav,Happy,1
YAF_soup_happy_1.wav,Happy,1
YAF_sour_happy_1.wav,Happy,1
YAF_south_happy_1.wav,Happy,1
YAF_sub_happy_1.wav,Happy,1
YAF_such_happy_1.wav,Happy,1
YAF_sure_happy_1.wav,Happy,1
YAF_take_happy_1.wav,Happy,1
YAF_talk_happy_1.wav,Happy,1
YAF_tape_happy_1.wav,Happy,1
YAF_team_happy_1.wav,Happy,1
YAF_tell_happy_1.wav,Happy,1
YAF_thin_happy_1.wav,Happy,1
YAF_third_happy_1.wav,Happy,1
YAF_thought_happy_1.wav,Happy,1
YAF_thumb_happy_1.wav,Happy,1
YAF_time_happy_1.wav,Happy,1
YAF_tip_happy_1.wav,Happy,1
YAF_tire_happy_1.wav,Happy,1
YAF_ton_happy_1.wav,Happy,1
YAF_tool_happy_1.wav,Happy,1
YAF_tough_happy_1.wav,Happy,1
YAF_turn_happy_1.wav,Happy,1
YAF_vine_happy_1.wav,Happy,1
YAF_voice_happy_1.wav,Happy,1
YAF_void_happy_1.wav,Happy,1
YAF_vote_happy_1.wav,Happy,1
YAF_wag_happy_1.wav,Happy,1
YAF_walk_happy_1.wav,Happy,1
YAF_wash_happy_1.wav,Happy,1
YAF_week_happy_1.wav,Happy,1
YAF_wheat_happy_1.wav,Happy,1
YAF_when_happy_1.wav,Happy,1
YAF_which_happy_1.wav,Happy,1
YAF_whip_happy_1.wav,Happy,1
YAF_white_happy_1.wav,Happy,1
YAF_wife_happy_1.wav,Happy,1
YAF_wire_happy_1.wav,Happy,1
YAF_witch_happy_1.wav,Happy,1
YAF_yearn_happy_1.wav,Happy,1
YAF_yes_happy_1.wav,Happy,1
YAF_young_happy_1.wav,Happy,1
YAF_youth_happy_1.wav,Happy,1
OA_bite_neutral_1.wav,Neutral,1
OAF_back_neutral_1.wav,Neutral,1
OAF_bar_neutral_1.wav,Neutral,1
OAF_base_neutral_1.wav,Neutral,1
OAF_bath_neutral_1.wav,Neutral,1
OAF_bean_neutral_1.wav,Neutral,1
OAF_beg_neutral_1.wav,Neutral,1
OAF_boat_neutral_1.wav,Neutral,1
OAF_bone_neutral_1.wav,Neutral,1
OAF_book_neutral_1.wav,Neutral,1
OAF_bought_neutral_1.wav,Neutral,1
OAF_burn_neutral_1.wav,Neutral,1
OAF_cab_neutral_1.wav,Neutral,1
OAF_calm_neutral_1.wav,Neutral,1
OAF_came_neutral_1.wav,Neutral,1
OAF_cause_neutral_1.wav,Neutral,1
OAF_chain_neutral_1.wav,Neutral,1
OAF_chair_neutral_1.wav,Neutral,1
OAF_chalk_neutral_1.wav,Neutral,1
OAF_chat_neutral_1.wav,Neutral,1
OAF_check_neutral_1.wav,Neutral,1
OAF_cheek_neutral_1.wav,Neutral,1
OAF_chief_neutral_1.wav,Neutral,1
OAF_choice_neutral_1.wav,Neutral,1
OAF_cool_neutral_1.wav,Neutral,1
OAF_dab_neutral_1.wav,Neutral,1
OAF_date_neutral_1.wav,Neutral,1
OAF_dead_neutral_1.wav,Neutral,1
OAF_death_neutral_1.wav,Neutral,1
OAF_deep_neutral_1.wav,Neutral,1
OAF_dime_neutral_1.wav,Neutral,1
OAF_dip_neutral_1.wav,Neutral,1
OAF_ditch_neutral_1.wav,Neutral,1
OAF_dodge_neutral_1.wav,Neutral,1
OAF_dog_neutral_1.wav,Neutral,1
OAF_doll_neutral_1.wav,Neutral,1
OAF_door_neutral_1.wav,Neutral,1
OAF_fail_neutral_1.wav,Neutral,1
OAF_fall_neutral_1.wav,Neutral,1
OAF_far_neutral_1.wav,Neutral,1
OAF_fat_neutral_1.wav,Neutral,1
OAF_fit_neutral_1.wav,Neutral,1
OAF_five_neutral_1.wav,Neutral,1
OAF_food_neutral_1.wav,Neutral,1
OAF_gap_neutral_1.wav,Neutral,1
OAF_gas_neutral_1.wav,Neutral,1
OAF_gaze_neutral_1.wav,Neutral,1
OAF_germ_neutral_1.wav,Neutral,1
OAF_get_neutral_1.wav,Neutral,1
OAF_gin_neutral_1.wav,Neutral,1
OAF_goal_neutral_1.wav,Neutral,1
OAF_good_neutral_1.wav,Neutral,1
OAF_goose_neutral_1.wav,Neutral,1
OAF_gun_neutral_1.wav,Neutral,1
OAF_half_neutral_1.wav,Neutral,1
OAF_hall_neutral_1.wav,Neutral,1
OAF_hash_neutral_1.wav,Neutral,1
OAF_hate_neutral_1.wav,Neutral,1
OAF_have_neutral_1.wav,Neutral,1
OAF_haze_neutral_1.wav,Neutral,1
OAF_hire_neutral_1.wav,Neutral,1
OAF_hit_neutral_1.wav,Neutral,1
OAF_hole_neutral_1.wav,Neutral,1
OAF_home_neutral_1.wav,Neutral,1
OAF_hurl_neutral_1.wav,Neutral,1
OAF_hush_neutral_1.wav,Neutral,1
OAF_jail_neutral_1.wav,Neutral,1
OAF_jar_neutral_1.wav,Neutral,1
OAF_join_neutral_1.wav,Neutral,1
OAF_judge_neutral_1.wav,Neutral,1
OAF_jug_neutral_1.wav,Neutral,1
OAF_juice_neutral_1.wav,Neutral,1
OAF_keen_neutral_1.wav,Neutral,1
OAF_keep_neutral_1.wav,Neutral,1
OAF_keg_neutral_1.wav,Neutral,1
OAF_kick_neutral_1.wav,Neutral,1
OAF_kill_neutral_1.wav,Neutral,1
OAF_king_neutral_1.wav,Neutral,1
OAF_kite_neutral_1.wav,Neutral,1
OAF_knock_neutral_1.wav,Neutral,1
OAF_late_neutral_1.wav,Neutral,1
OAF_laud_neutral_1.wav,Neutral,1
OAF_lean_neutral_1.wav,Neutral,1
OAF_learn_neutral_1.wav,Neutral,1
OAF_lease_neutral_1.wav,Neutral,1
OAF_lid_neutral_1.wav,Neutral,1
OAF_life_neutral_1.wav,Neutral,1
OAF_limb_neutral_1.wav,Neutral,1
OAF_live_neutral_1.wav,Neutral,1
OAF_loaf_neutral_1.wav,Neutral,1
OAF_long_neutral_1.wav,Neutral,1
OAF_lore_neutral_1.wav,Neutral,1
OAF_lose_neutral_1.wav,Neutral,1
OAF_lot_neutral_1.wav,Neutral,1
OAF_love_neutral_1.wav,Neutral,1
OAF_luck_neutral_1.wav,Neutral,1
OAF_make_neutral_1.wav,Neutral,1
OAF_match_neutral_1.wav,Neutral,1
OAF_merge_neutral_1.wav,Neutral,1
OAF_mess_neutral_1.wav,Neutral,1
OAF_met_neutral_1.wav,Neutral,1
OAF_mill_neutral_1.wav,Neutral,1
OAF_mob_neutral_1.wav,Neutral,1
OAF_mode_neutral_1.wav,Neutral,1
OAF_mood_neutral_1.wav,Neutral,1
OAF_moon_neutral_1.wav,Neutral,1
OAF_mop_neutral_1.wav,Neutral,1
OAF_mouse_neutral_1.wav,Neutral,1
OAF_nag_neutral_1.wav,Neutral,1
OAF_name_neutral_1.wav,Neutral,1
OAF_near_neutral_1.wav,Neutral,1
OAF_neat_neutral_1.wav,Neutral,1
OAF_nice_neutral_1.wav,Neutral,1
OAF_note_neutral_1.wav,Neutral,1
OAF_numb_neutral_1.wav,Neutral,1
OAF_pad_neutral_1.wav,Neutral,1
OAF_page_neutral_1.wav,Neutral,1
OAF_pain_neutral_1.wav,Neutral,1
OAF_pass_neutral_1.wav,Neutral,1
OAF_pearl_neutral_1.wav,Neutral,1
OAF_peg_neutral_1.wav,Neutral,1
OAF_perch_neutral_1.wav,Neutral,1
OAF_phone_neutral_1.wav,Neutral,1
OAF_pick_neutral_1.wav,Neutral,1
OAF_pike_neutral_1.wav,Neutral,1
OAF_pole_neutral_1.wav,Neutral,1
OAF_pool_neutral_1.wav,Neutral,1
OAF_puff_neutral_1.wav,Neutral,1
OAF_rag_neutral_1.wav,Neutral,1
OAF_raid_neutral_1.wav,Neutral,1
OAF_rain_neutral_1.wav,Neutral,1
OAF_raise_neutral_1.wav,Neutral,1
OAF_rat_neutral_1.wav,Neutral,1
OAF_reach_neutral_1.wav,Neutral,1
OAF_read_neutral_1.wav,Neutral,1
OAF_red_neutral_1.wav,Neutral,1
OAF_ring_neutral_1.wav,Neutral,1
OAF_ripe_neutral_1.wav,Neutral,1
OAF_road_neutral_1.wav,Neutral,1
OAF_room_neutral_1.wav,Neutral,1
OAF_rose_neutral_1.wav,Neutral,1
OAF_rot_neutral_1.wav,Neutral,1
OAF_rough_neutral_1.wav,Neutral,1
OAF_rush_neutral_1.wav,Neutral,1
OAF_said_neutral_1.wav,Neutral,1
OAF_sail_neutral_1.wav,Neutral,1
OAF_search_neutral_1.wav,Neutral,1
OAF_seize_neutral_1.wav,Neutral,1
OAF_sell_neutral_1.wav,Neutral,1
OAF_shack_neutral_1.wav,Neutral,1
OAF_shall_neutral_1.wav,Neutral,1
OAF_shawl_neutral_1.wav,Neutral,1
OAF_sheep_neutral_1.wav,Neutral,1
OAF_shirt_neutral_1.wav,Neutral,1
OAF_should_neutral_1.wav,Neutral,1
OAF_shout_neutral_1.wav,Neutral,1
OAF_size_neutral_1.wav,Neutral,1
OAF_soap_neutral_1.wav,Neutral,1
OAF_soup_neutral_1.wav,Neutral,1
OAF_sour_neutral_1.wav,Neutral,1
OAF_south_neutral_1.wav,Neutral,1
OAF_sub_neutral_1.wav,Neutral,1
OAF_such_neutral_1.wav,Neutral,1
OAF_sure_neutral_1.wav,Neutral,1
OAF_take_neutral_1.wav,Neutral,1
OAF_talk_neutral_1.wav,Neutral,1
OAF_tape_neutral_1.wav,Neutral,1
OAF_team_neutral_1.wav,Neutral,1
OAF_tell_neutral_1.wav,Neutral,1
OAF_thin_neutral_1.wav,Neutral,1
OAF_third_neutral_1.wav,Neutral,1
OAF_thought_neutral_1.wav,Neutral,1
OAF_thumb_neutral_1.wav,Neutral,1
OAF_time_neutral_1.wav,Neutral,1
OAF_tip_neutral_1.wav,Neutral,1
OAF_tire_neutral_1.wav,Neutral,1
OAF_ton_neutral_1.wav,Neutral,1
OAF_tool_neutral_1.wav,Neutral,1
OAF_tough_neutral_1.wav,Neutral,1
OAF_turn_neutral_1.wav,Neutral,1
OAF_vine_neutral_1.wav,Neutral,1
OAF_voice_neutral_1.wav,Neutral,1
OAF_void_neutral_1.wav,Neutral,1
OAF_vote_neutral_1.wav,Neutral,1
OAF_wag_neutral_1.wav,Neutral,1
OAF_walk_neutral_1.wav,Neutral,1
OAF_wash_neutral_1.wav,Neutral,1
OAF_week_neutral_1.wav,Neutral,1
OAF_wheat_neutral_1.wav,Neutral,1
OAF_when_neutral_1.wav,Neutral,1
OAF_which_neutral_1.wav,Neutral,1
OAF_whip_neutral_1.wav,Neutral,1
OAF_white_neutral_1.wav,Neutral,1
OAF_wife_neutral_1.wav,Neutral,1
OAF_wire_neutral_1.wav,Neutral,1
OAF_witch_neutral_1.wav,Neutral,1
OAF_yearn_neutral_1.wav,Neutral,1
OAF_yes_neutral_1.wav,Neutral,1
OAF_young_neutral_1.wav,Neutral,1
OAF_youth_neutral_1.wav,Neutral,1
YAF_back_neutral_1.wav,Neutral,1
YAF_bar_neutral_1.wav,Neutral,1
YAF_base_neutral_1.wav,Neutral,1
YAF_bath_neutral_1.wav,Neutral,1
YAF_bean_neutral_1.wav,Neutral,1
YAF_beg_neutral_1.wav,Neutral,1
YAF_bite_neutral_1.wav,Neutral,1
YAF_boat_neutral_1.wav,Neutral,1
YAF_bone_neutral_1.wav,Neutral,1
YAF_book_neutral_1.wav,Neutral,1
YAF_bought_neutral_1.wav,Neutral,1
YAF_burn_neutral_1.wav,Neutral,1
YAF_cab_neutral_1.wav,Neutral,1
YAF_calm_neutral_1.wav,Neutral,1
YAF_came_neutral_1.wav,Neutral,1
YAF_cause_neutral_1.wav,Neutral,1
YAF_chain_neutral_1.wav,Neutral,1
YAF_chair_neutral_1.wav,Neutral,1
YAF_chalk_neutral_1.wav,Neutral,1
YAF_chat_neutral_1.wav,Neutral,1
YAF_check_neutral_1.wav,Neutral,1
YAF_cheek_neutral_1.wav,Neutral,1
YAF_chief_neutral_1.wav,Neutral,1
YAF_choice_neutral_1.wav,Neutral,1
YAF_cool_neutral_1.wav,Neutral,1
YAF_dab_neutral_1.wav,Neutral,1
YAF_date_neutral_1.wav,Neutral,1
YAF_dead_neutral_1.wav,Neutral,1
YAF_death_neutral_1.wav,Neutral,1
YAF_deep_neutral_1.wav,Neutral,1
YAF_dime_neutral_1.wav,Neutral,1
YAF_dip_neutral_1.wav,Neutral,1
YAF_ditch_neutral_1.wav,Neutral,1
YAF_dodge_neutral_1.wav,Neutral,1
YAF_dog_neutral_1.wav,Neutral,1
YAF_doll_neutral_1.wav,Neutral,1
YAF_door_neutral_1.wav,Neutral,1
YAF_fail_neutral_1.wav,Neutral,1
YAF_fall_neutral_1.wav,Neutral,1
YAF_far_neutral_1.wav,Neutral,1
YAF_fat_neutral_1.wav,Neutral,1
YAF_fit_neutral_1.wav,Neutral,1
YAF_five_neutral_1.wav,Neutral,1
YAF_food_neutral_1.wav,Neutral,1
YAF_gap_neutral_1.wav,Neutral,1
YAF_gas_neutral_1.wav,Neutral,1
YAF_gaze_neutral_1.wav,Neutral,1
YAF_germ_neutral_1.wav,Neutral,1
YAF_get_neutral_1.wav,Neutral,1
YAF_gin_neutral_1.wav,Neutral,1
YAF_goal_neutral_1.wav,Neutral,1
YAF_good_neutral_1.wav,Neutral,1
YAF_goose_neutral_1.wav,Neutral,1
YAF_gun_neutral_1.wav,Neutral,1
YAF_half_neutral_1.wav,Neutral,1
YAF_hall_neutral_1.wav,Neutral,1
YAF_hash_neutral_1.wav,Neutral,1
YAF_hate_neutral_1.wav,Neutral,1
YAF_have_neutral_1.wav,Neutral,1
YAF_haze_neutral_1.wav,Neutral,1
YAF_hire_neutral_1.wav,Neutral,1
YAF_hit_neutral_1.wav,Neutral,1
YAF_hole_neutral_1.wav,Neutral,1
YAF_home_neutral_1.wav,Neutral,1
YAF_hurl_neutral_1.wav,Neutral,1
YAF_hush_neutral_1.wav,Neutral,1
YAF_jail_neutral_1.wav,Neutral,1
YAF_jar_neutral_1.wav,Neutral,1
YAF_join_neutral_1.wav,Neutral,1
YAF_judge_neutral_1.wav,Neutral,1
YAF_jug_neutral_1.wav,Neutral,1
YAF_juice_neutral_1.wav,Neutral,1
YAF_keen_neutral_1.wav,Neutral,1
YAF_keep_neutral_1.wav,Neutral,1
YAF_keg_neutral_1.wav,Neutral,1
YAF_kick_neutral_1.wav,Neutral,1
YAF_kill_neutral_1.wav,Neutral,1
YAF_king_neutral_1.wav,Neutral,1
YAF_kite_neutral_1.wav,Neutral,1
YAF_knock_neutral_1.wav,Neutral,1
YAF_late_neutral_1.wav,Neutral,1
YAF_laud_neutral_1.wav,Neutral,1
YAF_lean_neutral_1.wav,Neutral,1
YAF_learn_neutral_1.wav,Neutral,1
YAF_lease_neutral_1.wav,Neutral,1
YAF_lid_neutral_1.wav,Neutral,1
YAF_life_neutral_1.wav,Neutral,1
YAF_limb_neutral_1.wav,Neutral,1
YAF_live_neutral_1.wav,Neutral,1
YAF_loaf_neutral_1.wav,Neutral,1
YAF_long_neutral_1.wav,Neutral,1
YAF_lore_neutral_1.wav,Neutral,1
YAF_lose_neutral_1.wav,Neutral,1
YAF_lot_neutral_1.wav,Neutral,1
YAF_love_neutral_1.wav,Neutral,1
YAF_luck_neutral_1.wav,Neutral,1
YAF_make_neutral_1.wav,Neutral,1
YAF_match_neutral_1.wav,Neutral,1
YAF_merge_neutral_1.wav,Neutral,1
YAF_mess_neutral_1.wav,Neutral,1
YAF_met_neutral_1.wav,Neutral,1
YAF_mill_neutral_1.wav,Neutral,1
YAF_mob_neutral_1.wav,Neutral,1
YAF_mode_neutral_1.wav,Neutral,1
YAF_mood_neutral_1.wav,Neutral,1
YAF_moon_neutral_1.wav,Neutral,1
YAF_mop_neutral_1.wav,Neutral,1
YAF_mouse_neutral_1.wav,Neutral,1
YAF_nag_neutral_1.wav,Neutral,1
YAF_name_neutral_1.wav,Neutral,1
YAF_near_neutral_1.wav,Neutral,1
YAF_neat_neutral_1.wav,Neutral,1
YAF_nice_neutral_1.wav,Neutral,1
YAF_note_neutral_1.wav,Neutral,1
YAF_numb_neutral_1.wav,Neutral,1
YAF_pad_neutral_1.wav,Neutral,1
YAF_page_neutral_1.wav,Neutral,1
YAF_pain_neutral_1.wav,Neutral,1
YAF_pass_neutral_1.wav,Neutral,1
YAF_pearl_neutral_1.wav,Neutral,1
YAF_peg_neutral_1.wav,Neutral,1
YAF_perch_neutral_1.wav,Neutral,1
YAF_phone_neutral_1.wav,Neutral,1
YAF_pick_neutral_1.wav,Neutral,1
YAF_pike_neutral_1.wav,Neutral,1
YAF_pole_neutral_1.wav,Neutral,1
YAF_pool_neutral_1.wav,Neutral,1
YAF_puff_neutral_1.wav,Neutral,1
YAF_rag_neutral_1.wav,Neutral,1
YAF_raid_neutral_1.wav,Neutral,1
YAF_rain_neutral_1.wav,Neutral,1
YAF_raise_neutral_1.wav,Neutral,1
YAF_rat_neutral_1.wav,Neutral,1
YAF_reach_neutral_1.wav,Neutral,1
YAF_read_neutral_1.wav,Neutral,1
YAF_red_neutral_1.wav,Neutral,1
YAF_ring_neutral_1.wav,Neutral,1
YAF_ripe_neutral_1.wav,Neutral,1
YAF_road_neutral_1.wav,Neutral,1
YAF_room_neutral_1.wav,Neutral,1
YAF_rose_neutral_1.wav,Neutral,1
YAF_rot_neutral_1.wav,Neutral,1
YAF_rough_neutral_1.wav,Neutral,1
YAF_rush_neutral_1.wav,Neutral,1
YAF_said_neutral_1.wav,Neutral,1
YAF_sail_neutral_1.wav,Neutral,1
YAF_search_neutral_1.wav,Neutral,1
YAF_seize_neutral_1.wav,Neutral,1
YAF_sell_neutral_1.wav,Neutral,1
YAF_shack_neutral_1.wav,Neutral,1
YAF_shall_neutral_1.wav,Neutral,1
YAF_shawl_neutral_1.wav,Neutral,1
YAF_sheep_neutral_1.wav,Neutral,1
YAF_shirt_neutral_1.wav,Neutral,1
YAF_should_neutral_1.wav,Neutral,1
YAF_shout_neutral_1.wav,Neutral,1
YAF_size_neutral_1.wav,Neutral,1
YAF_soap_neutral_1.wav,Neutral,1
YAF_soup_neutral_1.wav,Neutral,1
YAF_sour_neutral_1.wav,Neutral,1
YAF_south_neutral_1.wav,Neutral,1
YAF_sub_neutral_1.wav,Neutral,1
YAF_such_neutral_1.wav,Neutral,1
YAF_sure_neutral_1.wav,Neutral,1
YAF_take_neutral_1.wav,Neutral,1
YAF_talk_neutral_1.wav,Neutral,1
YAF_tape_neutral_1.wav,Neutral,1
YAF_team_neutral_1.wav,Neutral,1
YAF_tell_neutral_1.wav,Neutral,1
YAF_thin_neutral_1.wav,Neutral,1
YAF_third_neutral_1.wav,Neutral,1
YAF_thought_neutral_1.wav,Neutral,1
YAF_thumb_neutral_1.wav,Neutral,1
YAF_time_neutral_1.wav,Neutral,1
YAF_tip_neutral_1.wav,Neutral,1
YAF_tire_neutral_1.wav,Neutral,1
YAF_ton_neutral_1.wav,Neutral,1
YAF_tool_neutral_1.wav,Neutral,1
YAF_tough_neutral_1.wav,Neutral,1
YAF_turn_neutral_1.wav,Neutral,1
YAF_vine_neutral_1.wav,Neutral,1
YAF_voice_neutral_1.wav,Neutral,1
YAF_void_neutral_1.wav,Neutral,1
YAF_vote_neutral_1.wav,Neutral,1
YAF_wag_neutral_1.wav,Neutral,1
YAF_walk_neutral_1.wav,Neutral,1
YAF_wash_neutral_1.wav,Neutral,1
YAF_week_neutral_1.wav,Neutral,1
YAF_wheat_neutral_1.wav,Neutral,1
YAF_when_neutral_1.wav,Neutral,1
YAF_which_neutral_1.wav,Neutral,1
YAF_whip_neutral_1.wav,Neutral,1
YAF_white_neutral_1.wav,Neutral,1
YAF_wife_neutral_1.wav,Neutral,1
YAF_wire_neutral_1.wav,Neutral,1
YAF_witch_neutral_1.wav,Neutral,1
YAF_yearn_neutral_1.wav,Neutral,1
YAF_yes_neutral_1.wav,Neutral,1
YAF_young_neutral_1.wav,Neutral,1
YAF_youth_neutral_1.wav,Neutral,1
OAF_back_ps_1.wav,PleasantSurprise,1
OAF_bar_ps_1.wav,PleasantSurprise,1
OAF_base_ps_1.wav,PleasantSurprise,1
OAF_bath_ps_1.wav,PleasantSurprise,1
OAF_bean_ps_1.wav,PleasantSurprise,1
OAF_beg_ps_1.wav,PleasantSurprise,1
OAF_bite_ps_1.wav,PleasantSurprise,1
OAF_boat_ps_1.wav,PleasantSurprise,1
OAF_bone_ps_1.wav,PleasantSurprise,1
OAF_book_ps_1.wav,PleasantSurprise,1
OAF_bought_ps_1.wav,PleasantSurprise,1
OAF_burn_ps_1.wav,PleasantSurprise,1
OAF_cab_ps_1.wav,PleasantSurprise,1
OAF_calm_ps_1.wav,PleasantSurprise,1
OAF_came_ps_1.wav,PleasantSurprise,1
OAF_cause_ps_1.wav,PleasantSurprise,1
OAF_chain_ps_1.wav,PleasantSurprise,1
OAF_chair_ps_1.wav,PleasantSurprise,1
OAF_chalk_ps_1.wav,PleasantSurprise,1
OAF_chat_ps_1.wav,PleasantSurprise,1
OAF_check_ps_1.wav,PleasantSurprise,1
OAF_cheek_ps_1.wav,PleasantSurprise,1
OAF_chief_ps_1.wav,PleasantSurprise,1
OAF_choice_ps_1.wav,PleasantSurprise,1
OAF_cool_ps_1.wav,PleasantSurprise,1
OAF_dab_ps_1.wav,PleasantSurprise,1
OAF_date_ps_1.wav,PleasantSurprise,1
OAF_dead_ps_1.wav,PleasantSurprise,1
OAF_death_ps_1.wav,PleasantSurprise,1
OAF_deep_ps_1.wav,PleasantSurprise,1
OAF_dime_ps_1.wav,PleasantSurprise,1
OAF_dip_ps_1.wav,PleasantSurprise,1
OAF_ditch_ps_1.wav,PleasantSurprise,1
OAF_dodge_ps_1.wav,PleasantSurprise,1
OAF_dog_ps_1.wav,PleasantSurprise,1
OAF_doll_ps_1.wav,PleasantSurprise,1
OAF_door_ps_1.wav,PleasantSurprise,1
OAF_fail_ps_1.wav,PleasantSurprise,1
OAF_fall_ps_1.wav,PleasantSurprise,1
OAF_far_ps_1.wav,PleasantSurprise,1
OAF_fat_ps_1.wav,PleasantSurprise,1
OAF_fit_ps_1.wav,PleasantSurprise,1
OAF_five_ps_1.wav,PleasantSurprise,1
OAF_food_ps_1.wav,PleasantSurprise,1
OAF_gap_ps_1.wav,PleasantSurprise,1
OAF_gas_ps_1.wav,PleasantSurprise,1
OAF_gaze_ps_1.wav,PleasantSurprise,1
OAF_germ_ps_1.wav,PleasantSurprise,1
OAF_get_ps_1.wav,PleasantSurprise,1
OAF_gin_ps_1.wav,PleasantSurprise,1
OAF_goal_ps_1.wav,PleasantSurprise,1
OAF_good_ps_1.wav,PleasantSurprise,1
OAF_goose_ps_1.wav,PleasantSurprise,1
OAF_gun_ps_1.wav,PleasantSurprise,1
OAF_half_ps_1.wav,PleasantSurprise,1
OAF_hall_ps_1.wav,PleasantSurprise,1
OAF_hash_ps_1.wav,PleasantSurprise,1
OAF_hate_ps_1.wav,PleasantSurprise,1
OAF_have_ps_1.wav,PleasantSurprise,1
OAF_haze_ps_1.wav,PleasantSurprise,1
OAF_hire_ps_1.wav,PleasantSurprise,1
OAF_hit_ps_1.wav,PleasantSurprise,1
OAF_hole_ps_1.wav,PleasantSurprise,1
OAF_home_ps_1.wav,PleasantSurprise,1
OAF_hurl_ps_1.wav,PleasantSurprise,1
OAF_hush_ps_1.wav,PleasantSurprise,1
OAF_jail_ps_1.wav,PleasantSurprise,1
OAF_jar_ps_1.wav,PleasantSurprise,1
OAF_join_ps_1.wav,PleasantSurprise,1
OAF_judge_ps_1.wav,PleasantSurprise,1
OAF_jug_ps_1.wav,PleasantSurprise,1
OAF_juice_ps_1.wav,PleasantSurprise,1
OAF_keen_ps_1.wav,PleasantSurprise,1
OAF_keep_ps_1.wav,PleasantSurprise,1
OAF_keg_ps_1.wav,PleasantSurprise,1
OAF_kick_ps_1.wav,PleasantSurprise,1
OAF_kill_ps_1.wav,PleasantSurprise,1
OAF_king_ps_1.wav,PleasantSurprise,1
OAF_kite_ps_1.wav,PleasantSurprise,1
OAF_knock_ps_1.wav,PleasantSurprise,1
OAF_late_ps_1.wav,PleasantSurprise,1
OAF_laud_ps_1.wav,PleasantSurprise,1
OAF_lean_ps_1.wav,PleasantSurprise,1
OAF_learn_ps_1.wav,PleasantSurprise,1
OAF_lease_ps_1.wav,PleasantSurprise,1
OAF_lid_ps_1.wav,PleasantSurprise,1
OAF_life_ps_1.wav,PleasantSurprise,1
OAF_limb_ps_1.wav,PleasantSurprise,1
OAF_live_ps_1.wav,PleasantSurprise,1
OAF_loaf_ps_1.wav,PleasantSurprise,1
OAF_long_ps_1.wav,PleasantSurprise,1
OAF_lore_ps_1.wav,PleasantSurprise,1
OAF_lose_ps_1.wav,PleasantSurprise,1
OAF_lot_ps_1.wav,PleasantSurprise,1
OAF_love_ps_1.wav,PleasantSurprise,1
OAF_luck_ps_1.wav,PleasantSurprise,1
OAF_make_ps_1.wav,PleasantSurprise,1
OAF_match_ps_1.wav,PleasantSurprise,1
OAF_merge_ps_1.wav,PleasantSurprise,1
OAF_mess_ps_1.wav,PleasantSurprise,1
OAF_met_ps_1.wav,PleasantSurprise,1
OAF_mill_ps_1.wav,PleasantSurprise,1
OAF_mob_ps_1.wav,PleasantSurprise,1
OAF_mode_ps_1.wav,PleasantSurprise,1
OAF_mood_ps_1.wav,PleasantSurprise,1
OAF_moon_ps_1.wav,PleasantSurprise,1
OAF_mop_ps_1.wav,PleasantSurprise,1
OAF_mouse_ps_1.wav,PleasantSurprise,1
OAF_nag_ps_1.wav,PleasantSurprise,1
OAF_name_ps_1.wav,PleasantSurprise,1
OAF_near_ps_1.wav,PleasantSurprise,1
OAF_neat_ps_1.wav,PleasantSurprise,1
OAF_nice_ps_1.wav,PleasantSurprise,1
OAF_note_ps_1.wav,PleasantSurprise,1
OAF_numb_ps_1.wav,PleasantSurprise,1
OAF_pad_ps_1.wav,PleasantSurprise,1
OAF_page_ps_1.wav,PleasantSurprise,1
OAF_pain_ps_1.wav,PleasantSurprise,1
OAF_pass_ps_1.wav,PleasantSurprise,1
OAF_pearl_ps_1.wav,PleasantSurprise,1
OAF_peg_ps_1.wav,PleasantSurprise,1
OAF_perch_ps_1.wav,PleasantSurprise,1
OAF_phone_ps_1.wav,PleasantSurprise,1
OAF_pick_ps_1.wav,PleasantSurprise,1
OAF_pike_ps_1.wav,PleasantSurprise,1
OAF_pole_ps_1.wav,PleasantSurprise,1
OAF_pool_ps_1.wav,PleasantSurprise,1
OAF_puff_ps_1.wav,PleasantSurprise,1
OAF_rag_ps_1.wav,PleasantSurprise,1
OAF_raid_ps_1.wav,PleasantSurprise,1
OAF_rain_ps_1.wav,PleasantSurprise,1
OAF_raise_ps_1.wav,PleasantSurprise,1
OAF_rat_ps_1.wav,PleasantSurprise,1
OAF_reach_ps_1.wav,PleasantSurprise,1
OAF_read_ps_1.wav,PleasantSurprise,1
OAF_red_ps_1.wav,PleasantSurprise,1
OAF_ring_ps_1.wav,PleasantSurprise,1
OAF_ripe_ps_1.wav,PleasantSurprise,1
OAF_road_ps_1.wav,PleasantSurprise,1
OAF_room_ps_1.wav,PleasantSurprise,1
OAF_rose_ps_1.wav,PleasantSurprise,1
OAF_rot_ps_1.wav,PleasantSurprise,1
OAF_rough_ps_1.wav,PleasantSurprise,1
OAF_rush_ps_1.wav,PleasantSurprise,1
OAF_said_ps_1.wav,PleasantSurprise,1
OAF_sail_ps_1.wav,PleasantSurprise,1
OAF_search_ps_1.wav,PleasantSurprise,1
OAF_seize_ps_1.wav,PleasantSurprise,1
OAF_sell_ps_1.wav,PleasantSurprise,1
OAF_shack_ps_1.wav,PleasantSurprise,1
OAF_shall_ps_1.wav,PleasantSurprise,1
OAF_shawl_ps_1.wav,PleasantSurprise,1
OAF_sheep_ps_1.wav,PleasantSurprise,1
OAF_shirt_ps_1.wav,PleasantSurprise,1
OAF_should_ps_1.wav,PleasantSurprise,1
OAF_shout_ps_1.wav,PleasantSurprise,1
OAF_size_ps_1.wav,PleasantSurprise,1
OAF_soap_ps_1.wav,PleasantSurprise,1
OAF_soup_ps_1.wav,PleasantSurprise,1
OAF_sour_ps_1.wav,PleasantSurprise,1
OAF_south_ps_1.wav,PleasantSurprise,1
OAF_sub_ps_1.wav,PleasantSurprise,1
OAF_such_ps_1.wav,PleasantSurprise,1
OAF_sure_ps_1.wav,PleasantSurprise,1
OAF_take_ps_1.wav,PleasantSurprise,1
OAF_talk_ps_1.wav,PleasantSurprise,1
OAF_tape_ps_1.wav,PleasantSurprise,1
OAF_team_ps_1.wav,PleasantSurprise,1
OAF_tell_ps_1.wav,PleasantSurprise,1
OAF_thin_ps_1.wav,PleasantSurprise,1
OAF_third_ps_1.wav,PleasantSurprise,1
OAF_thought_ps_1.wav,PleasantSurprise,1
OAF_thumb_ps_1.wav,PleasantSurprise,1
OAF_time_ps_1.wav,PleasantSurprise,1
OAF_tip_ps_1.wav,PleasantSurprise,1
OAF_tire_ps_1.wav,PleasantSurprise,1
OAF_ton_ps_1.wav,PleasantSurprise,1
OAF_tool_ps_1.wav,PleasantSurprise,1
OAF_tough_ps_1.wav,PleasantSurprise,1
OAF_turn_ps_1.wav,PleasantSurprise,1
OAF_vine_ps_1.wav,PleasantSurprise,1
OAF_voice_ps_1.wav,PleasantSurprise,1
OAF_void_ps_1.wav,PleasantSurprise,1
OAF_vote_ps_1.wav,PleasantSurprise,1
OAF_wag_ps_1.wav,PleasantSurprise,1
OAF_walk_ps_1.wav,PleasantSurprise,1
OAF_wash_ps_1.wav,PleasantSurprise,1
OAF_week_ps_1.wav,PleasantSurprise,1
OAF_wheat_ps_1.wav,PleasantSurprise,1
OAF_when_ps_1.wav,PleasantSurprise,1
OAF_which_ps_1.wav,PleasantSurprise,1
OAF_whip_ps_1.wav,PleasantSurprise,1
OAF_white_ps_1.wav,PleasantSurprise,1
OAF_wife_ps_1.wav,PleasantSurprise,1
OAF_wire_ps_1.wav,PleasantSurprise,1
OAF_witch_ps_1.wav,PleasantSurprise,1
OAF_yearn_ps_1.wav,PleasantSurprise,1
OAF_yes_ps_1.wav,PleasantSurprise,1
OAF_young_ps_1.wav,PleasantSurprise,1
OAF_youth_ps_1.wav,PleasantSurprise,1
YAF_back_ps_1.wav,PleasantSurprise,1
YAF_bar_ps_1.wav,PleasantSurprise,1
YAF_base_ps_1.wav,PleasantSurprise,1
YAF_bath_ps_1.wav,PleasantSurprise,1
YAF_bean_ps_1.wav,PleasantSurprise,1
YAF_beg_ps_1.wav,PleasantSurprise,1
YAF_bite_ps_1.wav,PleasantSurprise,1
YAF_boat_ps_1.wav,PleasantSurprise,1
YAF_bone_ps_1.wav,PleasantSurprise,1
YAF_book_ps_1.wav,PleasantSurprise,1
YAF_bought_ps_1.wav,PleasantSurprise,1
YAF_burn_ps_1.wav,PleasantSurprise,1
YAF_cab_ps_1.wav,PleasantSurprise,1
YAF_calm_ps_1.wav,PleasantSurprise,1
YAF_came_ps_1.wav,PleasantSurprise,1
YAF_cause_ps_1.wav,PleasantSurprise,1
YAF_chain_ps_1.wav,PleasantSurprise,1
YAF_chair_ps_1.wav,PleasantSurprise,1
YAF_chalk_ps_1.wav,PleasantSurprise,1
YAF_chat_ps_1.wav,PleasantSurprise,1
YAF_check_ps_1.wav,PleasantSurprise,1
YAF_cheek_ps_1.wav,PleasantSurprise,1
YAF_chief_ps_1.wav,PleasantSurprise,1
YAF_choice_ps_1.wav,PleasantSurprise,1
YAF_cool_ps_1.wav,PleasantSurprise,1
YAF_dab_ps_1.wav,PleasantSurprise,1
YAF_date_ps_1.wav,PleasantSurprise,1
YAF_dead_ps_1.wav,PleasantSurprise,1
YAF_death_ps_1.wav,PleasantSurprise,1
YAF_deep_ps_1.wav,PleasantSurprise,1
YAF_dime_ps_1.wav,PleasantSurprise,1
YAF_dip_ps_1.wav,PleasantSurprise,1
YAF_ditch_ps_1.wav,PleasantSurprise,1
YAF_dodge_ps_1.wav,PleasantSurprise,1
YAF_dog_ps_1.wav,PleasantSurprise,1
YAF_doll_ps_1.wav,PleasantSurprise,1
YAF_door_ps_1.wav,PleasantSurprise,1
YAF_fail_ps_1.wav,PleasantSurprise,1
YAF_fall_ps_1.wav,PleasantSurprise,1
YAF_far_ps_1.wav,PleasantSurprise,1
YAF_fat_ps_1.wav,PleasantSurprise,1
YAF_fit_ps_1.wav,PleasantSurprise,1
YAF_five_ps_1.wav,PleasantSurprise,1
YAF_food_ps_1.wav,PleasantSurprise,1
YAF_gap_ps_1.wav,PleasantSurprise,1
YAF_gas_ps_1.wav,PleasantSurprise,1
YAF_gaze_ps_1.wav,PleasantSurprise,1
YAF_germ_ps_1.wav,PleasantSurprise,1
YAF_get_ps_1.wav,PleasantSurprise,1
YAF_gin_ps_1.wav,PleasantSurprise,1
YAF_goal_ps_1.wav,PleasantSurprise,1
YAF_good_ps_1.wav,PleasantSurprise,1
YAF_goose_ps_1.wav,PleasantSurprise,1
YAF_gun_ps_1.wav,PleasantSurprise,1
YAF_half_ps_1.wav,PleasantSurprise,1
YAF_hall_ps_1.wav,PleasantSurprise,1
YAF_hash_ps_1.wav,PleasantSurprise,1
YAF_hate_ps_1.wav,PleasantSurprise,1
YAF_have_ps_1.wav,PleasantSurprise,1
YAF_haze_ps_1.wav,PleasantSurprise,1
YAF_hire_ps_1.wav,PleasantSurprise,1
YAF_hit_ps_1.wav,PleasantSurprise,1
YAF_hole_ps_1.wav,PleasantSurprise,1
YAF_home_ps_1.wav,PleasantSurprise,1
YAF_hurl_ps_1.wav,PleasantSurprise,1
YAF_hush_ps_1.wav,PleasantSurprise,1
YAF_jail_ps_1.wav,PleasantSurprise,1
YAF_jar_ps_1.wav,PleasantSurprise,1
YAF_join_ps_1.wav,PleasantSurprise,1
YAF_judge_ps_1.wav,PleasantSurprise,1
YAF_jug_ps_1.wav,PleasantSurprise,1
YAF_juice_ps_1.wav,PleasantSurprise,1
YAF_keen_ps_1.wav,PleasantSurprise,1
YAF_keep_ps_1.wav,PleasantSurprise,1
YAF_keg_ps_1.wav,PleasantSurprise,1
YAF_kick_ps_1.wav,PleasantSurprise,1
YAF_kill_ps_1.wav,PleasantSurprise,1
YAF_king_ps_1.wav,PleasantSurprise,1
YAF_kite_ps_1.wav,PleasantSurprise,1
YAF_knock_ps_1.wav,PleasantSurprise,1
YAF_late_ps_1.wav,PleasantSurprise,1
YAF_laud_ps_1.wav,PleasantSurprise,1
YAF_lean_ps_1.wav,PleasantSurprise,1
YAF_learn_ps_1.wav,PleasantSurprise,1
YAF_lease_ps_1.wav,PleasantSurprise,1
YAF_lid_ps_1.wav,PleasantSurprise,1
YAF_life_ps_1.wav,PleasantSurprise,1
YAF_limb_ps_1.wav,PleasantSurprise,1
YAF_live_ps_1.wav,PleasantSurprise,1
YAF_loaf_ps_1.wav,PleasantSurprise,1
YAF_long_ps_1.wav,PleasantSurprise,1
YAF_lore_ps_1.wav,PleasantSurprise,1
YAF_lose_ps_1.wav,PleasantSurprise,1
YAF_lot_ps_1.wav,PleasantSurprise,1
YAF_love_ps_1.wav,PleasantSurprise,1
YAF_luck_ps_1.wav,PleasantSurprise,1
YAF_make_ps_1.wav,PleasantSurprise,1
YAF_match_ps_1.wav,PleasantSurprise,1
YAF_merge_ps_1.wav,PleasantSurprise,1
YAF_mess_ps_1.wav,PleasantSurprise,1
YAF_met_ps_1.wav,PleasantSurprise,1
YAF_mill_ps_1.wav,PleasantSurprise,1
YAF_mob_ps_1.wav,PleasantSurprise,1
YAF_mode_ps_1.wav,PleasantSurprise,1
YAF_mood_ps_1.wav,PleasantSurprise,1
YAF_moon_ps_1.wav,PleasantSurprise,1
YAF_mop_ps_1.wav,PleasantSurprise,1
YAF_mouse_ps_1.wav,PleasantSurprise,1
YAF_nag_ps_1.wav,PleasantSurprise,1
YAF_name_ps_1.wav,PleasantSurprise,1
YAF_near_ps_1.wav,PleasantSurprise,1
YAF_neat_ps_1.wav,PleasantSurprise,1
YAF_nice_ps_1.wav,PleasantSurprise,1
YAF_note_ps_1.wav,PleasantSurprise,1
YAF_numb_ps_1.wav,PleasantSurprise,1
YAF_pad_ps_1.wav,PleasantSurprise,1
YAF_page_ps_1.wav,PleasantSurprise,1
YAF_pain_ps_1.wav,PleasantSurprise,1
YAF_pass_ps_1.wav,PleasantSurprise,1
YAF_pearl_ps_1.wav,PleasantSurprise,1
YAF_peg_ps_1.wav,PleasantSurprise,1
YAF_perch_ps_1.wav,PleasantSurprise,1
YAF_phone_ps_1.wav,PleasantSurprise,1
YAF_pick_ps_1.wav,PleasantSurprise,1
YAF_pike_ps_1.wav,PleasantSurprise,1
YAF_pole_ps_1.wav,PleasantSurprise,1
YAF_pool_ps_1.wav,PleasantSurprise,1
YAF_puff_ps_1.wav,PleasantSurprise,1
YAF_rag_ps_1.wav,PleasantSurprise,1
YAF_raid_ps_1.wav,PleasantSurprise,1
YAF_rain_ps_1.wav,PleasantSurprise,1
YAF_raise_ps_1.wav,PleasantSurprise,1
YAF_rat_ps_1.wav,PleasantSurprise,1
YAF_reach_ps_1.wav,PleasantSurprise,1
YAF_read_ps_1.wav,PleasantSurprise,1
YAF_red_ps_1.wav,PleasantSurprise,1
YAF_ring_ps_1.wav,PleasantSurprise,1
YAF_ripe_ps_1.wav,PleasantSurprise,1
YAF_road_ps_1.wav,PleasantSurprise,1
YAF_room_ps_1.wav,PleasantSurprise,1
YAF_rose_ps_1.wav,PleasantSurprise,1
YAF_rot_ps_1.wav,PleasantSurprise,1
YAF_rough_ps_1.wav,PleasantSurprise,1
YAF_rush_ps_1.wav,PleasantSurprise,1
YAF_said_ps_1.wav,PleasantSurprise,1
YAF_sail_ps_1.wav,PleasantSurprise,1
YAF_search_ps_1.wav,PleasantSurprise,1
YAF_seize_ps_1.wav,PleasantSurprise,1
YAF_sell_ps_1.wav,PleasantSurprise,1
YAF_shack_ps_1.wav,PleasantSurprise,1
YAF_shall_ps_1.wav,PleasantSurprise,1
YAF_shawl_ps_1.wav,PleasantSurprise,1
YAF_sheep_ps_1.wav,PleasantSurprise,1
YAF_shirt_ps_1.wav,PleasantSurprise,1
YAF_should_ps_1.wav,PleasantSurprise,1
YAF_shout_ps_1.wav,PleasantSurprise,1
YAF_size_ps_1.wav,PleasantSurprise,1
YAF_soap_ps_1.wav,PleasantSurprise,1
YAF_soup_ps_1.wav,PleasantSurprise,1
YAF_sour_ps_1.wav,PleasantSurprise,1
YAF_south_ps_1.wav,PleasantSurprise,1
YAF_sub_ps_1.wav,PleasantSurprise,1
YAF_such_ps_1.wav,PleasantSurprise,1
YAF_sure_ps_1.wav,PleasantSurprise,1
YAF_take_ps_1.wav,PleasantSurprise,1
YAF_talk_ps_1.wav,PleasantSurprise,1
YAF_tape_ps_1.wav,PleasantSurprise,1
YAF_team_ps_1.wav,PleasantSurprise,1
YAF_tell_ps_1.wav,PleasantSurprise,1
YAF_thin_ps_1.wav,PleasantSurprise,1
YAF_third_ps_1.wav,PleasantSurprise,1
YAF_thought_ps_1.wav,PleasantSurprise,1
YAF_thumb_ps_1.wav,PleasantSurprise,1
YAF_time_ps_1.wav,PleasantSurprise,1
YAF_tip_ps_1.wav,PleasantSurprise,1
YAF_tire_ps_1.wav,PleasantSurprise,1
YAF_ton_ps_1.wav,PleasantSurprise,1
YAF_tool_ps_1.wav,PleasantSurprise,1
YAF_tough_ps_1.wav,PleasantSurprise,1
YAF_turn_ps_1.wav,PleasantSurprise,1
YAF_vine_ps_1.wav,PleasantSurprise,1
YAF_voice_ps_1.wav,PleasantSurprise,1
YAF_void_ps_1.wav,PleasantSurprise,1
YAF_vote_ps_1.wav,PleasantSurprise,1
YAF_wag_ps_1.wav,PleasantSurprise,1
YAF_walk_ps_1.wav,PleasantSurprise,1
YAF_wash_ps_1.wav,PleasantSurprise,1
YAF_week_ps_1.wav,PleasantSurprise,1
YAF_wheat_ps_1.wav,PleasantSurprise,1
YAF_when_ps_1.wav,PleasantSurprise,1
YAF_which_ps_1.wav,PleasantSurprise,1
YAF_whip_ps_1.wav,PleasantSurprise,1
YAF_white_ps_1.wav,PleasantSurprise,1
YAF_wife_ps_1.wav,PleasantSurprise,1
YAF_wire_ps_1.wav,PleasantSurprise,1
YAF_witch_ps_1.wav,PleasantSurprise,1
YAF_yearn_ps_1.wav,PleasantSurprise,1
YAF_yes_ps_1.wav,PleasantSurprise,1
YAF_young_ps_1.wav,PleasantSurprise,1
YAF_youth_ps_1.wav,PleasantSurprise,1
OAF_back_sad_1.wav,Sad,1
OAF_bar_sad_1.wav,Sad,1
OAF_base_sad_1.wav,Sad,1
OAF_bath_sad_1.wav,Sad,1
OAF_bean_sad_1.wav,Sad,1
OAF_beg_sad_1.wav,Sad,1
OAF_bite_sad_1.wav,Sad,1
OAF_boat_sad_1.wav,Sad,1
OAF_bone_sad_1.wav,Sad,1
OAF_book_sad_1.wav,Sad,1
OAF_bought_sad_1.wav,Sad,1
OAF_burn_sad_1.wav,Sad,1
OAF_cab_sad_1.wav,Sad,1
OAF_calm_sad_1.wav,Sad,1
OAF_came_sad_1.wav,Sad,1
OAF_cause_sad_1.wav,Sad,1
OAF_chain_sad_1.wav,Sad,1
OAF_chair_sad_1.wav,Sad,1
OAF_chalk_sad_1.wav,Sad,1
OAF_chat_sad_1.wav,Sad,1
OAF_check_sad_1.wav,Sad,1
OAF_cheek_sad_1.wav,Sad,1
OAF_chief_sad_1.wav,Sad,1
OAF_choice_sad_1.wav,Sad,1
OAF_cool_sad_1.wav,Sad,1
OAF_dab_sad_1.wav,Sad,1
OAF_date_sad_1.wav,Sad,1
OAF_dead_sad_1.wav,Sad,1
OAF_death_sad_1.wav,Sad,1
OAF_deep_sad_1.wav,Sad,1
OAF_dime_sad_1.wav,Sad,1
OAF_dip_sad_1.wav,Sad,1
OAF_ditch_sad_1.wav,Sad,1
OAF_dodge_sad_1.wav,Sad,1
OAF_dog_sad_1.wav,Sad,1
OAF_doll_sad_1.wav,Sad,1
OAF_door_sad_1.wav,Sad,1
OAF_fail_sad_1.wav,Sad,1
OAF_fall_sad_1.wav,Sad,1
OAF_far_sad_1.wav,Sad,1
OAF_fat_sad_1.wav,Sad,1
OAF_fit_sad_1.wav,Sad,1
OAF_five_sad_1.wav,Sad,1
OAF_food_sad_1.wav,Sad,1
OAF_gap_sad_1.wav,Sad,1
OAF_gas_sad_1.wav,Sad,1
OAF_gaze_sad_1.wav,Sad,1
OAF_germ_sad_1.wav,Sad,1
OAF_get_sad_1.wav,Sad,1
OAF_gin_sad_1.wav,Sad,1
OAF_goal_sad_1.wav,Sad,1
OAF_good_sad_1.wav,Sad,1
OAF_goose_sad_1.wav,Sad,1
OAF_gun_sad_1.wav,Sad,1
OAF_half_sad_1.wav,Sad,1
OAF_hall_sad_1.wav,Sad,1
OAF_hash_sad_1.wav,Sad,1
OAF_hate_sad_1.wav,Sad,1
OAF_have_sad_1.wav,Sad,1
OAF_haze_sad_1.wav,Sad,1
OAF_hire_sad_1.wav,Sad,1
OAF_hit_sad_1.wav,Sad,1
OAF_hole_sad_1.wav,Sad,1
OAF_home_sad_1.wav,Sad,1
OAF_hurl_sad_1.wav,Sad,1
OAF_hush_sad_1.wav,Sad,1
OAF_jail_sad_1.wav,Sad,1
OAF_jar_sad_1.wav,Sad,1
OAF_join_sad_1.wav,Sad,1
OAF_judge_sad_1.wav,Sad,1
OAF_jug_sad_1.wav,Sad,1
OAF_juice_sad_1.wav,Sad,1
OAF_keen_sad_1.wav,Sad,1
OAF_keep_sad_1.wav,Sad,1
OAF_keg_sad_1.wav,Sad,1
OAF_kick_sad_1.wav,Sad,1
OAF_kill_sad_1.wav,Sad,1
OAF_king_sad_1.wav,Sad,1
OAF_kite_sad_1.wav,Sad,1
OAF_knock_sad_1.wav,Sad,1
OAF_late_sad_1.wav,Sad,1
OAF_laud_sad_1.wav,Sad,1
OAF_lean_sad_1.wav,Sad,1
OAF_learn_sad_1.wav,Sad,1
OAF_lease_sad_1.wav,Sad,1
OAF_lid_sad_1.wav,Sad,1
OAF_life_sad_1.wav,Sad,1
OAF_limb_sad_1.wav,Sad,1
OAF_live_sad_1.wav,Sad,1
OAF_loaf_sad_1.wav,Sad,1
OAF_long_sad_1.wav,Sad,1
OAF_lore_sad_1.wav,Sad,1
OAF_lose_sad_1.wav,Sad,1
OAF_lot_sad_1.wav,Sad,1
OAF_love_sad_1.wav,Sad,1
OAF_luck_sad_1.wav,Sad,1
OAF_make_sad_1.wav,Sad,1
OAF_match_sad_1.wav,Sad,1
OAF_merge_sad_1.wav,Sad,1
OAF_mess_sad_1.wav,Sad,1
OAF_met_sad_1.wav,Sad,1
OAF_mill_sad_1.wav,Sad,1
OAF_mob_sad_1.wav,Sad,1
OAF_mode_sad_1.wav,Sad,1
OAF_mood_sad_1.wav,Sad,1
OAF_moon_sad_1.wav,Sad,1
OAF_mop_sad_1.wav,Sad,1
OAF_mouse_sad_1.wav,Sad,1
OAF_nag_sad_1.wav,Sad,1
OAF_name_sad_1.wav,Sad,1
OAF_near_sad_1.wav,Sad,1
OAF_neat_sad_1.wav,Sad,1
OAF_nice_sad_1.wav,Sad,1
OAF_note_sad_1.wav,Sad,1
OAF_numb_sad_1.wav,Sad,1
OAF_pad_sad_1.wav,Sad,1
OAF_page_sad_1.wav,Sad,1
OAF_pain_sad_1.wav,Sad,1
OAF_pass_sad_1.wav,Sad,1
OAF_pearl_sad_1.wav,Sad,1
OAF_peg_sad_1.wav,Sad,1
OAF_perch_sad_1.wav,Sad,1
OAF_phone_sad_1.wav,Sad,1
OAF_pick_sad_1.wav,Sad,1
OAF_pike_sad_1.wav,Sad,1
OAF_pole_sad_1.wav,Sad,1
OAF_pool_sad_1.wav,Sad,1
OAF_puff_sad_1.wav,Sad,1
OAF_rag_sad_1.wav,Sad,1
OAF_raid_sad_1.wav,Sad,1
OAF_rain_sad_1.wav,Sad,1
OAF_raise_sad_1.wav,Sad,1
OAF_rat_sad_1.wav,Sad,1
OAF_reach_sad_1.wav,Sad,1
OAF_read_sad_1.wav,Sad,1
OAF_red_sad_1.wav,Sad,1
OAF_ring_sad_1.wav,Sad,1
OAF_ripe_sad_1.wav,Sad,1
OAF_road_sad_1.wav,Sad,1
OAF_room_sad_1.wav,Sad,1
OAF_rose_sad_1.wav,Sad,1
OAF_rot_sad_1.wav,Sad,1
OAF_rough_sad_1.wav,Sad,1
OAF_rush_sad_1.wav,Sad,1
OAF_said_sad_1.wav,Sad,1
OAF_sail_sad_1.wav,Sad,1
OAF_search_sad_1.wav,Sad,1
OAF_seize_sad_1.wav,Sad,1
OAF_sell_sad_1.wav,Sad,1
OAF_shack_sad_1.wav,Sad,1
OAF_shall_sad_1.wav,Sad,1
OAF_shawl_sad_1.wav,Sad,1
OAF_sheep_sad_1.wav,Sad,1
OAF_shirt_sad_1.wav,Sad,1
OAF_should_sad_1.wav,Sad,1
OAF_shout_sad_1.wav,Sad,1
OAF_size_sad_1.wav,Sad,1
OAF_soap_sad_1.wav,Sad,1
OAF_soup_sad_1.wav,Sad,1
OAF_sour_sad_1.wav,Sad,1
OAF_south_sad_1.wav,Sad,1
OAF_sub_sad_1.wav,Sad,1
OAF_such_sad_1.wav,Sad,1
OAF_sure_sad_1.wav,Sad,1
OAF_take_sad_1.wav,Sad,1
OAF_talk_sad_1.wav,Sad,1
OAF_tape_sad_1.wav,Sad,1
OAF_team_sad_1.wav,Sad,1
OAF_tell_sad_1.wav,Sad,1
OAF_thin_sad_1.wav,Sad,1
OAF_third_sad_1.wav,Sad,1
OAF_thought_sad_1.wav,Sad,1
OAF_thumb_sad_1.wav,Sad,1
OAF_time_sad_1.wav,Sad,1
OAF_tip_sad_1.wav,Sad,1
OAF_tire_sad_1.wav,Sad,1
OAF_ton_sad_1.wav,Sad,1
OAF_tool_sad_1.wav,Sad,1
OAF_tough_sad_1.wav,Sad,1
OAF_turn_sad_1.wav,Sad,1
OAF_vine_sad_1.wav,Sad,1
OAF_voice_sad_1.wav,Sad,1
OAF_void_sad_1.wav,Sad,1
OAF_vote_sad_1.wav,Sad,1
OAF_wag_sad_1.wav,Sad,1
OAF_walk_sad_1.wav,Sad,1
OAF_wash_sad_1.wav,Sad,1
OAF_week_sad_1.wav,Sad,1
OAF_wheat_sad_1.wav,Sad,1
OAF_when_sad_1.wav,Sad,1
OAF_which_sad_1.wav,Sad,1
OAF_whip_sad_1.wav,Sad,1
OAF_white_sad_1.wav,Sad,1
OAF_wife_sad_1.wav,Sad,1
OAF_wire_sad_1.wav,Sad,1
OAF_witch_sad_1.wav,Sad,1
OAF_yearn_sad_1.wav,Sad,1
OAF_yes_sad_1.wav,Sad,1
OAF_young_sad_1.wav,Sad,1
OAF_youth_sad_1.wav,Sad,1
YAF_back_sad_1.wav,Sad,1
YAF_bar_sad_1.wav,Sad,1
YAF_base_sad_1.wav,Sad,1
YAF_bath_sad_1.wav,Sad,1
YAF_bean_sad_1.wav,Sad,1
YAF_beg_sad_1.wav,Sad,1
YAF_bite_sad_1.wav,Sad,1
YAF_boat_sad_1.wav,Sad,1
YAF_bone_sad_1.wav,Sad,1
YAF_book_sad_1.wav,Sad,1
YAF_bought_sad_1.wav,Sad,1
YAF_burn_sad_1.wav,Sad,1
YAF_cab_sad_1.wav,Sad,1
YAF_calm_sad_1.wav,Sad,1
YAF_came_sad_1.wav,Sad,1
YAF_cause_sad_1.wav,Sad,1
YAF_chain_sad_1.wav,Sad,1
YAF_chair_sad_1.wav,Sad,1
YAF_chalk_sad_1.wav,Sad,1
YAF_chat_sad_1.wav,Sad,1
YAF_check_sad_1.wav,Sad,1
YAF_cheek_sad_1.wav,Sad,1
YAF_chief_sad_1.wav,Sad,1
YAF_choice_sad_1.wav,Sad,1
YAF_cool_sad_1.wav,Sad,1
YAF_dab_sad_1.wav,Sad,1
YAF_date_sad_1.wav,Sad,1
YAF_dead_sad_1.wav,Sad,1
YAF_death_sad_1.wav,Sad,1
YAF_deep_sad_1.wav,Sad,1
YAF_dime_sad_1.wav,Sad,1
YAF_dip_sad_1.wav,Sad,1
YAF_ditch_sad_1.wav,Sad,1
YAF_dodge_sad_1.wav,Sad,1
YAF_dog_sad_1.wav,Sad,1
YAF_doll_sad_1.wav,Sad,1
YAF_door_sad_1.wav,Sad,1
YAF_fail_sad_1.wav,Sad,1
YAF_fall_sad_1.wav,Sad,1
YAF_far_sad_1.wav,Sad,1
YAF_fat_sad_1.wav,Sad,1
YAF_fit_sad_1.wav,Sad,1
YAF_five_sad_1.wav,Sad,1
YAF_food_sad_1.wav,Sad,1
YAF_gap_sad_1.wav,Sad,1
YAF_gas_sad_1.wav,Sad,1
YAF_gaze_sad_1.wav,Sad,1
YAF_germ_sad_1.wav,Sad,1
YAF_get_sad_1.wav,Sad,1
YAF_gin_sad_1.wav,Sad,1
YAF_goal_sad_1.wav,Sad,1
YAF_good_sad_1.wav,Sad,1
YAF_goose_sad_1.wav,Sad,1
YAF_gun_sad_1.wav,Sad,1
YAF_half_sad_1.wav,Sad,1
YAF_hall_sad_1.wav,Sad,1
YAF_hash_sad_1.wav,Sad,1
YAF_hate_sad_1.wav,Sad,1
YAF_have_sad_1.wav,Sad,1
YAF_haze_sad_1.wav,Sad,1
YAF_hire_sad_1.wav,Sad,1
YAF_hit_sad_1.wav,Sad,1
YAF_hole_sad_1.wav,Sad,1
YAF_home_sad_1.wav,Sad,1
YAF_hurl_sad_1.wav,Sad,1
YAF_hush_sad_1.wav,Sad,1
YAF_jail_sad_1.wav,Sad,1
YAF_jar_sad_1.wav,Sad,1
YAF_join_sad_1.wav,Sad,1
YAF_judge_sad_1.wav,Sad,1
YAF_jug_sad_1.wav,Sad,1
YAF_juice_sad_1.wav,Sad,1
YAF_keen_sad_1.wav,Sad,1
YAF_keep_sad_1.wav,Sad,1
YAF_keg_sad_1.wav,Sad,1
YAF_kick_sad_1.wav,Sad,1
YAF_kill_sad_1.wav,Sad,1
YAF_king_sad_1.wav,Sad,1
YAF_kite_sad_1.wav,Sad,1
YAF_knock_sad_1.wav,Sad,1
YAF_late_sad_1.wav,Sad,1
YAF_laud_sad_1.wav,Sad,1
YAF_lean_sad_1.wav,Sad,1
YAF_learn_sad_1.wav,Sad,1
YAF_lease_sad_1.wav,Sad,1
YAF_lid_sad_1.wav,Sad,1
YAF_life_sad_1.wav,Sad,1
YAF_limb_sad_1.wav,Sad,1
YAF_live_sad_1.wav,Sad,1
YAF_loaf_sad_1.wav,Sad,1
YAF_long_sad_1.wav,Sad,1
YAF_lore_sad_1.wav,Sad,1
YAF_lose_sad_1.wav,Sad,1
YAF_lot_sad_1.wav,Sad,1
YAF_love_sad_1.wav,Sad,1
YAF_luck_sad_1.wav,Sad,1
YAF_make_sad_1.wav,Sad,1
YAF_match_sad_1.wav,Sad,1
YAF_merge_sad_1.wav,Sad,1
YAF_mess_sad_1.wav,Sad,1
YAF_met_sad_1.wav,Sad,1
YAF_mill_sad_1.wav,Sad,1
YAF_mob_sad_1.wav,Sad,1
YAF_mode_sad_1.wav,Sad,1
YAF_mood_sad_1.wav,Sad,1
YAF_moon_sad_1.wav,Sad,1
YAF_mop_sad_1.wav,Sad,1
YAF_mouse_sad_1.wav,Sad,1
YAF_nag_sad_1.wav,Sad,1
YAF_name_sad_1.wav,Sad,1
YAF_near_sad_1.wav,Sad,1
YAF_neat_sad_1.wav,Sad,1
YAF_nice_sad_1.wav,Sad,1
YAF_note_sad_1.wav,Sad,1
YAF_numb_sad_1.wav,Sad,1
YAF_pad_sad_1.wav,Sad,1
YAF_page_sad_1.wav,Sad,1
YAF_pain_sad_1.wav,Sad,1
YAF_pass_sad_1.wav,Sad,1
YAF_pearl_sad_1.wav,Sad,1
YAF_peg_sad_1.wav,Sad,1
YAF_perch_sad_1.wav,Sad,1
YAF_phone_sad_1.wav,Sad,1
YAF_pick_sad_1.wav,Sad,1
YAF_pike_sad_1.wav,Sad,1
YAF_pole_sad_1.wav,Sad,1
YAF_pool_sad_1.wav,Sad,1
YAF_puff_sad_1.wav,Sad,1
YAF_rag_sad_1.wav,Sad,1
YAF_raid_sad_1.wav,Sad,1
YAF_rain_sad_1.wav,Sad,1
YAF_raise_sad_1.wav,Sad,1
YAF_rat_sad_1.wav,Sad,1
YAF_reach_sad_1.wav,Sad,1
YAF_read_sad_1.wav,Sad,1
YAF_red_sad_1.wav,Sad,1
YAF_ring_sad_1.wav,Sad,1
YAF_ripe_sad_1.wav,Sad,1
YAF_road_sad_1.wav,Sad,1
YAF_room_sad_1.wav,Sad,1
YAF_rose_sad_1.wav,Sad,1
YAF_rot_sad_1.wav,Sad,1
YAF_rough_sad_1.wav,Sad,1
YAF_rush_sad_1.wav,Sad,1
YAF_said_sad_1.wav,Sad,1
YAF_sail_sad_1.wav,Sad,1
YAF_search_sad_1.wav,Sad,1
YAF_seize_sad_1.wav,Sad,1
YAF_sell_sad_1.wav,Sad,1
YAF_shack_sad_1.wav,Sad,1
YAF_shall_sad_1.wav,Sad,1
YAF_shawl_sad_1.wav,Sad,1
YAF_sheep_sad_1.wav,Sad,1
YAF_shirt_sad_1.wav,Sad,1
YAF_should_sad_1.wav,Sad,1
YAF_shout_sad_1.wav,Sad,1
YAF_size_sad_1.wav,Sad,1
YAF_soap_sad_1.wav,Sad,1
YAF_soup_sad_1.wav,Sad,1
YAF_sour_sad_1.wav,Sad,1
YAF_south_sad_1.wav,Sad,1
YAF_sub_sad_1.wav,Sad,1
YAF_such_sad_1.wav,Sad,1
YAF_sure_sad_1.wav,Sad,1
YAF_take_sad_1.wav,Sad,1
YAF_talk_sad_1.wav,Sad,1
YAF_tape_sad_1.wav,Sad,1
YAF_team_sad_1.wav,Sad,1
YAF_tell_sad_1.wav,Sad,1
YAF_thin_sad_1.wav,Sad,1
YAF_third_sad_1.wav,Sad,1
YAF_thought_sad_1.wav,Sad,1
YAF_thumb_sad_1.wav,Sad,1
YAF_time_sad_1.wav,Sad,1
YAF_tip_sad_1.wav,Sad,1
YAF_tire_sad_1.wav,Sad,1
YAF_ton_sad_1.wav,Sad,1
YAF_tool_sad_1.wav,Sad,1
YAF_tough_sad_1.wav,Sad,1
YAF_turn_sad_1.wav,Sad,1
YAF_vine_sad_1.wav,Sad,1
YAF_voice_sad_1.wav,Sad,1
YAF_void_sad_1.wav,Sad,1
YAF_vote_sad_1.wav,Sad,1
YAF_wag_sad_1.wav,Sad,1
YAF_walk_sad_1.wav,Sad,1
YAF_wash_sad_1.wav,Sad,1
YAF_week_sad_1.wav,Sad,1
YAF_wheat_sad_1.wav,Sad,1
YAF_when_sad_1.wav,Sad,1
YAF_which_sad_1.wav,Sad,1
YAF_whip_sad_1.wav,Sad,1
YAF_white_sad_1.wav,Sad,1
YAF_wife_sad_1.wav,Sad,1
YAF_wire_sad_1.wav,Sad,1
YAF_witch_sad_1.wav,Sad,1
YAF_yearn_sad_1.wav,Sad,1
YAF_yes_sad_1.wav,Sad,1
YAF_young_sad_1.wav,Sad,1
YAF_youth_sad_1.wav,Sad,1
